"Longitude (x)","Latitude (y)","Station Name","Climate ID","Date/Time","Year","Month","Day","Data Quality","Max Temp (°C)","Max Temp Flag","Min Temp (°C)","Min Temp Flag","Mean Temp (°C)","Mean Temp Flag","Heat Deg Days (°C)","Heat Deg Days Flag","Cool Deg Days (°C)","Cool Deg Days Flag","Total Rain (mm)","Total Rain Flag","Total Snow (cm)","Total Snow Flag","Total Precip (mm)","Total Precip Flag","Snow on Grnd (cm)","Snow on Grnd Flag","Dir of Max Gust (10s deg)","Dir of Max Gust Flag","Spd of Max Gust (km/h)","Spd of Max Gust Flag"
"-89.32","48.37","THUNDER BAY A","6048262","2024-01-01","2024","01","01","","-0.2","","-14.7","","-7.5","","25.5","","0.0","","","M","","M","","M","","","","M","","M"
"-89.32","48.37","THUNDER BAY A","6048262","2024-01-02","2024","01","02","","-0.2","","-13.0","","-6.6","","24.6","","0.0","","","M","","M","","M","","","28","","32",""
"-89.32","48.37","THUNDER BAY A","6048262","2024-01-03","2024","01","03","","-2.7","","-15.1","","-8.9","","26.9","","0.0","","","M","","M","","M","","","","M","","M"
"-89.32","48.37","THUNDER BAY A","6048262","2024-01-04","2024","01","04","","-9.8","","-20.0","","-14.9","","32.9","","0.0","","","M","","M","","M","","","","M","","M"
"-89.32","48.37","THUNDER BAY A","6048262","2024-01-05","2024","01","05","","-4.0","","-11.4","","-7.7","","25.7","","0.0","","","M","","M","","M","","","","M","","M"
"-89.32","48.37","THUNDER BAY A","6048262","2024-01-06","2024","01","06","","-1.3","","-5.5","","-3.4","","21.4","","0.0","","","M","","M","","M","","","","M","","M"
"-89.32","48.37","THUNDER BAY A","6048262","2024-01-07","2024","01","07","","-2.3","","-20.3","","-11.3","","29.3","","0.0","","","M","","M","","M","","","","M","","M"
"-89.32","48.37","THUNDER BAY A","6048262","2024-01-08","2024","01","08","","-6.5","","-22.0","","-14.3","","32.3","","0.0","","","M","","M","","M","","","6","","31",""
"-89.32","48.37","THUNDER BAY A","6048262","2024-01-09","2024","01","09","","-2.8","","-6.9","","-4.9","","22.9","","0.0","","","M","","M","","M","","","","M","","M"
"-89.32","48.37","THUNDER BAY A","6048262","2024-01-10","2024","01","10","","-6.1","","-13.4","","-9.8","","27.8","","0.0","","","M","","M","","M","","","","M","","M"
"-89.32","48.37","THUNDER BAY A","6048262","2024-01-11","2024","01","11","","-9.7","","-22.1","","-15.9","","33.9","","0.0","","","M","","M","","M","","","","M","","M"
"-89.32","48.37","THUNDER BAY A","6048262","2024-01-12","2024","01","12","","-9.9","","-14.5","","-12.2","","30.2","","0.0","","","M","","M","","M","","","","M","","M"
"-89.32","48.37","THUNDER BAY A","6048262","2024-01-13","2024","01","13","","-14.3","","-18.7","","-16.5","","34.5","","0.0","","","M","","M","","M","","","30","","37",""
"-89.32","48.37","THUNDER BAY A","6048262","2024-01-14","2024","01","14","","-14.8","","-19.2","","-17.0","","35.0","","0.0","","","M","","M","","M","","","29","","45",""
"-89.32","48.37","THUNDER BAY A","6048262","2024-01-15","2024","01","15","","-18.7","","-23.7","","-21.2","","39.2","","0.0","","","M","","M","","M","","","","M","","M"
"-89.32","48.37","THUNDER BAY A","6048262","2024-01-16","2024","01","16","","-17.8","","-23.1","","-20.5","","38.5","","0.0","","","M","","M","","M","","","","M","","M"
"-89.32","48.37","THUNDER BAY A","6048262","2024-01-17","2024","01","17","","-15.5","","-26.3","","-20.9","","38.9","","0.0","","","M","","M","","M","","","","M","","M"
"-89.32","48.37","THUNDER BAY A","6048262","2024-01-18","2024","01","18","","","M","","M","","M","","M","","M","","M","","M","","M","","","","M","","M"
"-89.32","48.37","THUNDER BAY A","6048262","2024-01-19","2024","01","19","","-12.8","","-29.0","","-20.9","","38.9","","0.0","","","M","","M","","M","","","","M","","M"
"-89.32","48.37","THUNDER BAY A","6048262","2024-01-20","2024","01","20","","-9.8","","-22.2","","-16.0","","34.0","","0.0","","","M","","M","","M","","","","M","","M"
"-89.32","48.37","THUNDER BAY A","6048262","2024-01-21","2024","01","21","","-3.0","","-21.3","","-12.2","","30.2","","0.0","","","M","","M","","M","","","23","","39",""
"-89.32","48.37","THUNDER BAY A","6048262","2024-01-22","2024","01","22","","-3.2","","-9.2","","-6.2","","24.2","","0.0","","","M","","M","","M","","","","M","","M"
"-89.32","48.37","THUNDER BAY A","6048262","2024-01-23","2024","01","23","","-6.4","","-10.1","","-8.3","","26.3","","0.0","","","M","","M","","M","","","","M","","M"
"-89.32","48.37","THUNDER BAY A","6048262","2024-01-24","2024","01","24","","0.7","","-6.5","","-2.9","","20.9","","0.0","","","M","","M","","M","","","","M","","M"
"-89.32","48.37","THUNDER BAY A","6048262","2024-01-25","2024","01","25","","1.6","","-1.9","","-0.2","","18.2","","0.0","","","M","","M","","M","","","","M","","M"
"-89.32","48.37","THUNDER BAY A","6048262","2024-01-26","2024","01","26","","1.5","","-1.3","","0.1","","17.9","","0.0","","","M","","M","","M","","","","M","","M"
"-89.32","48.37","THUNDER BAY A","6048262","2024-01-27","2024","01","27","","1.7","","-1.4","","0.2","","17.8","","0.0","","","M","","M","","M","","","","M","","M"
"-89.32","48.37","THUNDER BAY A","6048262","2024-01-28","2024","01","28","","2.2","","-9.2","","-3.5","","21.5","","0.0","","","M","","M","","M","","","","M","","M"
"-89.32","48.37","THUNDER BAY A","6048262","2024-01-29","2024","01","29","","1.5","","-11.9","","-5.2","","23.2","","0.0","","","M","","M","","M","","","","M","","M"
"-89.32","48.37","THUNDER BAY A","6048262","2024-01-30","2024","01","30","","2.4","","-1.1","","0.7","","17.3","","0.0","","","M","","M","","M","","","","M","","M"
"-89.32","48.37","THUNDER BAY A","6048262","2024-01-31","2024","01","31","","4.6","","-7.4","","-1.4","","19.4","","0.0","","","M","","M","","M","","","","M","","M"
"-89.32","48.37","THUNDER BAY A","6048262","2024-02-01","2024","02","01","","4.4","","-13.5","","-4.6","","22.6","","0.0","","","M","","M","","M","","","","M","","M"
"-89.32","48.37","THUNDER BAY A","6048262","2024-02-02","2024","02","02","","-0.1","","-17.0","","-8.6","","26.6","","0.0","","","M","","M","","M","","","","M","","M"
"-89.32","48.37","THUNDER BAY A","6048262","2024-02-03","2024","02","03","","1.5","","-16.5","","-7.5","","25.5","","0.0","","","M","","M","","M","","","","M","","M"
"-89.32","48.37","THUNDER BAY A","6048262","2024-02-04","2024","02","04","","7.1","","-14.0","","-3.5","","21.5","","0.0","","","M","","M","","M","","","","M","","M"
"-89.32","48.37","THUNDER BAY A","6048262","2024-02-05","2024","02","05","","3.8","","-0.6","","1.6","","16.4","","0.0","","","M","","M","","M","","","","M","","M"
"-89.32","48.37","THUNDER BAY A","6048262","2024-02-06","2024","02","06","","4.2","","-2.6","","0.8","","17.2","","0.0","","","M","","M","","M","","","","M","","M"
"-89.32","48.37","THUNDER BAY A","6048262","2024-02-07","2024","02","07","","2.1","","-6.9","","-2.4","","20.4","","0.0","","","M","","M","","M","","","9","","46",""
"-89.32","48.37","THUNDER BAY A","6048262","2024-02-08","2024","02","08","","4.4","","0.3","","2.4","","15.6","","0.0","","","M","","M","","M","","","","M","","M"
"-89.32","48.37","THUNDER BAY A","6048262","2024-02-09","2024","02","09","","4.4","","-3.9","","0.3","","17.7","","0.0","","","M","","M","","M","","","28","","35",""
"-89.32","48.37","THUNDER BAY A","6048262","2024-02-10","2024","02","10","","-3.9","","-7.1","","-5.5","","23.5","","0.0","","","M","","M","","M","","","29","","33",""
"-89.32","48.37","THUNDER BAY A","6048262","2024-02-11","2024","02","11","","-1.9","","-7.5","","-4.7","","22.7","","0.0","","","M","","M","","M","","","","M","","M"
"-89.32","48.37","THUNDER BAY A","6048262","2024-02-12","2024","02","12","","","M","","M","","M","","M","","M","","M","","M","","M","","","","M","","M"
"-89.32","48.37","THUNDER BAY A","6048262","2024-02-13","2024","02","13","","-4.3","","-16.9","","-10.6","","28.6","","0.0","","","M","","M","","M","","","","M","","M"
"-89.32","48.37","THUNDER BAY A","6048262","2024-02-14","2024","02","14","","0.1","","-15.3","","-7.6","","25.6","","0.0","","","M","","M","","M","","","","M","","M"
"-89.32","48.37","THUNDER BAY A","6048262","2024-02-15","2024","02","15","","-2.7","","-9.6","","-6.2","","24.2","","0.0","","","M","","M","","M","","","","M","","M"
"-89.32","48.37","THUNDER BAY A","6048262","2024-02-16","2024","02","16","","","M","","M","","M","","M","","M","","M","","M","","M","","","","M","","M"
"-89.32","48.37","THUNDER BAY A","6048262","2024-02-17","2024","02","17","","","M","","M","","M","","M","","M","","M","","M","","M","","","","M","","M"
"-89.32","48.37","THUNDER BAY A","6048262","2024-02-18","2024","02","18","","","M","","M","","M","","M","","M","","M","","M","","M","","","31","","38",""
"-89.32","48.37","THUNDER BAY A","6048262","2024-02-19","2024","02","19","","-6.5","","-21.3","","-13.9","","31.9","","0.0","","","M","","M","","M","","","","M","","M"
"-89.32","48.37","THUNDER BAY A","6048262","2024-02-20","2024","02","20","","1.8","","-7.8","","-3.0","","21.0","","0.0","","","M","","M","","M","","","","M","","M"
"-89.32","48.37","THUNDER BAY A","6048262","2024-02-21","2024","02","21","","5.4","","-9.5","","-2.1","","20.1","","0.0","","","M","","M","","M","","","","M","","M"
"-89.32","48.37","THUNDER BAY A","6048262","2024-02-22","2024","02","22","","7.8","","-8.1","","-0.2","","18.2","","0.0","","","M","","M","","M","","","3","","44",""
"-89.32","48.37","THUNDER BAY A","6048262","2024-02-23","2024","02","23","","-7.5","","-17.5","","-12.5","","30.5","","0.0","","","M","","M","","M","","","","M","","M"
"-89.32","48.37","THUNDER BAY A","6048262","2024-02-24","2024","02","24","","","M","","M","","M","","M","","M","","M","","M","","M","","","","M","","M"
"-89.32","48.37","THUNDER BAY A","6048262","2024-02-25","2024","02","25","","4.8","","-6.3","","-0.8","","18.8","","0.0","","","M","","M","","M","","","27","","44",""
"-89.32","48.37","THUNDER BAY A","6048262","2024-02-26","2024","02","26","","3.3","","-12.3","","-4.5","","22.5","","0.0","","","M","","M","","M","","","14","","40",""
"-89.32","48.37","THUNDER BAY A","6048262","2024-02-27","2024","02","27","","0.6","","-17.7","","-8.6","","26.6","","0.0","","","M","","M","","M","","","33","","45",""
"-89.32","48.37","THUNDER BAY A","6048262","2024-02-28","2024","02","28","","-11.6","","-20.5","","-16.1","","34.1","","0.0","","","M","","M","","M","","","28","","40",""
"-89.32","48.37","THUNDER BAY A","6048262","2024-02-29","2024","02","29","","-6.3","","-23.5","","-14.9","","32.9","","0.0","","","M","","M","","M","","","","M","","M"
"-89.32","48.37","THUNDER BAY A","6048262","2024-03-01","2024","03","01","","7.9","","-12.5","","-2.3","","20.3","","0.0","","","M","","M","","M","","","","M","","M"
"-89.32","48.37","THUNDER BAY A","6048262","2024-03-02","2024","03","02","","8.1","","-4.6","","1.8","","16.2","","0.0","","","M","","M","","M","","","8","","41",""
"-89.32","48.37","THUNDER BAY A","6048262","2024-03-03","2024","03","03","","4.4","","1.8","","3.1","","14.9","","0.0","","","M","","M","","M","","","9","","46",""
"-89.32","48.37","THUNDER BAY A","6048262","2024-03-04","2024","03","04","","8.7","","-2.8","","3.0","","15.0","","0.0","","","M","","M","","M","","","28","","31",""
"-89.32","48.37","THUNDER BAY A","6048262","2024-03-05","2024","03","05","","5.6","","-7.3","","-0.9","","18.9","","0.0","","","M","","M","","M","","","","M","","M"
"-89.32","48.37","THUNDER BAY A","6048262","2024-03-06","2024","03","06","","2.6","","-8.3","","-2.9","","20.9","","0.0","","","M","","M","","M","","","","M","","M"
"-89.32","48.37","THUNDER BAY A","6048262","2024-03-07","2024","03","07","","8.3","","-1.6","","3.4","","14.6","","0.0","","","M","","M","","M","","","","M","","M"
"-89.32","48.37","THUNDER BAY A","6048262","2024-03-08","2024","03","08","","4.0","","-6.4","","-1.2","","19.2","","0.0","","","M","","M","","M","","","","M","","M"
"-89.32","48.37","THUNDER BAY A","6048262","2024-03-09","2024","03","09","","2.9","","-8.6","","-2.9","","20.9","","0.0","","","M","","M","","M","","","35","","34",""
"-89.32","48.37","THUNDER BAY A","6048262","2024-03-10","2024","03","10","","6.9","","-10.0","","-1.6","","19.6","","0.0","","","M","","M","","M","","","","M","","M"
"-89.32","48.37","THUNDER BAY A","6048262","2024-03-11","2024","03","11","","","M","","M","","M","","M","","M","","M","","M","","M","","","","M","","M"
"-89.32","48.37","THUNDER BAY A","6048262","2024-03-12","2024","03","12","","10.9","","-3.8","","3.6","","14.4","","0.0","","","M","","M","","M","","","","M","","M"
"-89.32","48.37","THUNDER BAY A","6048262","2024-03-13","2024","03","13","","13.8","","-3.7","","5.1","","12.9","","0.0","","","M","","M","","M","","","","M","","M"
"-89.32","48.37","THUNDER BAY A","6048262","2024-03-14","2024","03","14","","8.7","","-6.6","","1.1","","16.9","","0.0","","","M","","M","","M","","","","M","","M"
"-89.32","48.37","THUNDER BAY A","6048262","2024-03-15","2024","03","15","","10.1","","-7.4","","1.4","","16.6","","0.0","","","M","","M","","M","","","25","","48",""
"-89.32","48.37","THUNDER BAY A","6048262","2024-03-16","2024","03","16","","5.2","","-5.8","","-0.3","","18.3","","0.0","","","M","","M","","M","","","29","","46",""
"-89.32","48.37","THUNDER BAY A","6048262","2024-03-17","2024","03","17","","-5.1","","-9.5","","-7.3","","25.3","","0.0","","","M","","M","","M","","","34","","47",""
"-89.32","48.37","THUNDER BAY A","6048262","2024-03-18","2024","03","18","","0.2","","-11.7","","-5.8","","23.8","","0.0","","","M","","M","","M","","","","M","","M"
"-89.32","48.37","THUNDER BAY A","6048262","2024-03-19","2024","03","19","","0.4","","-10.0","","-4.8","","22.8","","0.0","","","M","","M","","M","","","29","","49",""
"-89.32","48.37","THUNDER BAY A","6048262","2024-03-20","2024","03","20","","-5.9","","-16.7","","-11.3","","29.3","","0.0","","","M","","M","","M","","","33","","41",""
"-89.32","48.37","THUNDER BAY A","6048262","2024-03-21","2024","03","21","","-2.9","","-18.8","","-10.9","","28.9","","0.0","","","M","","M","","M","","","28","","33",""
"-89.32","48.37","THUNDER BAY A","6048262","2024-03-22","2024","03","22","","-0.9","","-11.8","","-6.4","","24.4","","0.0","","","M","","M","","M","","","","M","","M"
"-89.32","48.37","THUNDER BAY A","6048262","2024-03-23","2024","03","23","","-3.0","","-17.4","","-10.2","","28.2","","0.0","","","M","","M","","M","","","","M","","M"
"-89.32","48.37","THUNDER BAY A","6048262","2024-03-24","2024","03","24","","0.4","","-17.1","","-8.4","","26.4","","0.0","","","M","","M","","M","","","","M","","M"
"-89.32","48.37","THUNDER BAY A","6048262","2024-03-25","2024","03","25","","0.3","","-2.9","","-1.3","","19.3","","0.0","","","M","","M","","M","","","6","","47",""
"-89.32","48.37","THUNDER BAY A","6048262","2024-03-26","2024","03","26","","-2.9","","-8.5","","-5.7","","23.7","","0.0","","","M","","M","","M","","","","M","","M"
"-89.32","48.37","THUNDER BAY A","6048262","2024-03-27","2024","03","27","","-6.6","","-10.9","","-8.8","","26.8","","0.0","","","M","","M","","M","","","24","","32",""
"-89.32","48.37","THUNDER BAY A","6048262","2024-03-28","2024","03","28","","-2.2","","-8.2","","-5.2","","23.2","","0.0","","","M","","M","","M","","","28","","35",""
"-89.32","48.37","THUNDER BAY A","6048262","2024-03-29","2024","03","29","","4.5","","-13.2","","-4.4","","22.4","","0.0","","","M","","M","","M","","","","M","","M"
"-89.32","48.37","THUNDER BAY A","6048262","2024-03-30","2024","03","30","","3.4","","-2.0","","0.7","","17.3","","0.0","","","M","","M","","M","","","","M","","M"
"-89.32","48.37","THUNDER BAY A","6048262","2024-03-31","2024","03","31","","4.6","","-6.3","","-0.9","","18.9","","0.0","","","M","","M","","M","","","30","","33",""
"-89.32","48.37","THUNDER BAY A","6048262","2024-04-01","2024","04","01","","1.8","","-11.2","","-4.7","","22.7","","0.0","","","M","","M","","M","","","","M","","M"
"-89.32","48.37","THUNDER BAY A","6048262","2024-04-02","2024","04","02","","6.0","","-10.6","","-2.3","","20.3","","0.0","","","M","","M","","M","","","2","","47",""
"-89.32","48.37","THUNDER BAY A","6048262","2024-04-03","2024","04","03","","4.2","","-1.7","","1.3","","16.7","","0.0","","","M","","M","","M","","","5","","45",""
"-89.32","48.37","THUNDER BAY A","6048262","2024-04-04","2024","04","04","","10.0","","-1.6","","4.2","","13.8","","0.0","","","M","","M","","M","","","","M","","M"
"-89.32","48.37","THUNDER BAY A","6048262","2024-04-05","2024","04","05","","9.4","","-5.8","","1.8","","16.2","","0.0","","","M","","M","","M","","","","M","","M"
"-89.32","48.37","THUNDER BAY A","6048262","2024-04-06","2024","04","06","","9.6","","-6.2","","1.7","","16.3","","0.0","","","M","","M","","M","","","","M","","M"
"-89.32","48.37","THUNDER BAY A","6048262","2024-04-07","2024","04","07","","9.3","","-6.9","","1.2","","16.8","","0.0","","","M","","M","","M","","","9","","41",""
"-89.32","48.37","THUNDER BAY A","6048262","2024-04-08","2024","04","08","","6.4","","2.9","","4.7","","13.3","","0.0","","","M","","M","","M","","","7","","36",""
"-89.32","48.37","THUNDER BAY A","6048262","2024-04-09","2024","04","09","","9.4","","1.4","","5.4","","12.6","","0.0","","","M","","M","","M","","","","M","","M"
"-89.32","48.37","THUNDER BAY A","6048262","2024-04-10","2024","04","10","","14.8","","-1.8","","6.5","","11.5","","0.0","","","M","","M","","M","","","","M","","M"
"-89.32","48.37","THUNDER BAY A","6048262","2024-04-11","2024","04","11","","17.7","","-2.6","","7.6","","10.4","","0.0","","","M","","M","","M","","","","M","","M"
"-89.32","48.37","THUNDER BAY A","6048262","2024-04-12","2024","04","12","","11.6","","-0.2","","5.7","","12.3","","0.0","","","M","","M","","M","","","32","","48",""
"-89.32","48.37","THUNDER BAY A","6048262","2024-04-13","2024","04","13","","10.0","","-3.0","","3.5","","14.5","","0.0","","","M","","M","","M","","","","M","","M"
"-89.32","48.37","THUNDER BAY A","6048262","2024-04-14","2024","04","14","","16.1","","-4.0","","6.1","","11.9","","0.0","","","M","","M","","M","","","","M","","M"
"-89.32","48.37","THUNDER BAY A","6048262","2024-04-15","2024","04","15","","15.8","","-2.2","","6.8","","11.2","","0.0","","","M","","M","","M","","","35","","32",""
"-89.32","48.37","THUNDER BAY A","6048262","2024-04-16","2024","04","16","","9.6","","-4.0","","2.8","","15.2","","0.0","","","M","","M","","M","","","9","","54",""
"-89.32","48.37","THUNDER BAY A","6048262","2024-04-17","2024","04","17","","4.3","","2.0","","3.2","","14.8","","0.0","","","M","","M","","M","","","6","","32",""
"-89.32","48.37","THUNDER BAY A","6048262","2024-04-18","2024","04","18","","14.7","","-0.2","","7.3","","10.7","","0.0","","","M","","M","","M","","","28","","31",""
"-89.32","48.37","THUNDER BAY A","6048262","2024-04-19","2024","04","19","","6.3","","0.4","","3.4","","14.6","","0.0","","","M","","M","","M","","","26","","37",""
"-89.32","48.37","THUNDER BAY A","6048262","2024-04-20","2024","04","20","","8.5","","-1.5","","3.5","","14.5","","0.0","","","M","","M","","M","","","30","","36",""
"-89.32","48.37","THUNDER BAY A","6048262","2024-04-21","2024","04","21","","12.0","","-1.3","","5.4","","12.6","","0.0","","","M","","M","","M","","","34","","40",""
"-89.32","48.37","THUNDER BAY A","6048262","2024-04-22","2024","04","22","","19.7","","-4.0","","7.9","","10.1","","0.0","","","M","","M","","M","","","28","","46",""
"-89.32","48.37","THUNDER BAY A","6048262","2024-04-23","2024","04","23","","9.5","","-3.2","","3.2","","14.8","","0.0","","","M","","M","","M","","","","M","","M"
"-89.32","48.37","THUNDER BAY A","6048262","2024-04-24","2024","04","24","","4.6","","-7.3","","-1.4","","19.4","","0.0","","","M","","M","","M","","","","M","","M"
"-89.32","48.37","THUNDER BAY A","6048262","2024-04-25","2024","04","25","","","M","","M","","M","","M","","M","","M","","M","","M","","","9","","35",""
"-89.32","48.37","THUNDER BAY A","6048262","2024-04-26","2024","04","26","","14.2","","-4.3","","5.0","","13.0","","0.0","","","M","","M","","M","","","14","","35",""
"-89.32","48.37","THUNDER BAY A","6048262","2024-04-27","2024","04","27","","8.4","","2.8","","5.6","","12.4","","0.0","","","M","","M","","M","","","","M","","M"
"-89.32","48.37","THUNDER BAY A","6048262","2024-04-28","2024","04","28","","5.2","","-0.2","","2.5","","15.5","","0.0","","","M","","M","","M","","","8","","48",""
"-89.32","48.37","THUNDER BAY A","6048262","2024-04-29","2024","04","29","","2.9","","0.3","","1.6","","16.4","","0.0","","","M","","M","","M","","","7","","36",""
"-89.32","48.37","THUNDER BAY A","6048262","2024-04-30","2024","04","30","","","M","","M","","M","","M","","M","","M","","M","","M","","","","M","","M"
"-89.32","48.37","THUNDER BAY A","6048262","2024-05-01","2024","05","01","","","M","","M","","M","","M","","M","","M","","M","","M","","","","M","","M"
"-89.32","48.37","THUNDER BAY A","6048262","2024-05-02","2024","05","02","","9.9","","0.6","","5.3","","12.7","","0.0","","","M","","M","","M","","","","M","","M"
"-89.32","48.37","THUNDER BAY A","6048262","2024-05-03","2024","05","03","","20.3","","5.1","","12.7","","5.3","","0.0","","","M","","M","","M","","","22","","38",""
"-89.32","48.37","THUNDER BAY A","6048262","2024-05-04","2024","05","04","","12.7","","3.9","","8.3","","9.7","","0.0","","","M","","M","","M","","","","M","","M"
"-89.32","48.37","THUNDER BAY A","6048262","2024-05-05","2024","05","05","","17.9","","1.5","","9.7","","8.3","","0.0","","","M","","M","","M","","","28","","41",""
"-89.32","48.37","THUNDER BAY A","6048262","2024-05-06","2024","05","06","","","M","","M","","M","","M","","M","","M","","M","","M","","","","M","","M"
"-89.32","48.37","THUNDER BAY A","6048262","2024-05-07","2024","05","07","","15.5","","5.7","","10.6","","7.4","","0.0","","","M","","M","","M","","","8","","34",""
"-89.32","48.37","THUNDER BAY A","6048262","2024-05-08","2024","05","08","","16.5","","4.4","","10.5","","7.5","","0.0","","","M","","M","","M","","","7","","33",""
"-89.32","48.37","THUNDER BAY A","6048262","2024-05-09","2024","05","09","","13.3","","0.1","","6.7","","11.3","","0.0","","","M","","M","","M","","","","M","","M"
"-89.32","48.37","THUNDER BAY A","6048262","2024-05-10","2024","05","10","","12.3","","-2.5","","4.9","","13.1","","0.0","","","M","","M","","M","","","","M","","M"
"-89.32","48.37","THUNDER BAY A","6048262","2024-05-11","2024","05","11","","19.8","","3.7","","11.8","","6.2","","0.0","","","M","","M","","M","","","20","","38",""
"-89.32","48.37","THUNDER BAY A","6048262","2024-05-12","2024","05","12","","23.8","","7.2","","15.5","","2.5","","0.0","","","M","","M","","M","","","28","","34",""
"-89.32","48.37","THUNDER BAY A","6048262","2024-05-13","2024","05","13","","16.4","","1.4","","8.9","","9.1","","0.0","","","M","","M","","M","","","31","","33",""
"-89.32","48.37","THUNDER BAY A","6048262","2024-05-14","2024","05","14","","15.7","","-1.0","","7.4","","10.6","","0.0","","","M","","M","","M","","","","M","","M"
"-89.32","48.37","THUNDER BAY A","6048262","2024-05-15","2024","05","15","","15.3","","2.4","","8.9","","9.1","","0.0","","","M","","M","","M","","","","M","","M"
"-89.32","48.37","THUNDER BAY A","6048262","2024-05-16","2024","05","16","","10.7","","6.7","","8.7","","9.3","","0.0","","","M","","M","","M","","","8","","35",""
"-89.32","48.37","THUNDER BAY A","6048262","2024-05-17","2024","05","17","","18.2","","4.3","","11.3","","6.7","","0.0","","","M","","M","","M","","","","M","","M"
"-89.32","48.37","THUNDER BAY A","6048262","2024-05-18","2024","05","18","","17.7","","6.5","","12.1","","5.9","","0.0","","","M","","M","","M","","","27","","41",""
"-89.32","48.37","THUNDER BAY A","6048262","2024-05-19","2024","05","19","","23.9","","9.3","","16.6","","1.4","","0.0","","","M","","M","","M","","","27","","43",""
"-89.32","48.37","THUNDER BAY A","6048262","2024-05-20","2024","05","20","","16.9","","7.0","","12.0","","6.0","","0.0","","","M","","M","","M","","","","M","","M"
"-89.32","48.37","THUNDER BAY A","6048262","2024-05-21","2024","05","21","","16.1","","6.0","","11.1","","6.9","","0.0","","","M","","M","","M","","","7","","54",""
"-89.32","48.37","THUNDER BAY A","6048262","2024-05-22","2024","05","22","","18.4","","3.3","","10.9","","7.1","","0.0","","","M","","M","","M","","","27","","46",""
"-89.32","48.37","THUNDER BAY A","6048262","2024-05-23","2024","05","23","","16.6","","3.7","","10.2","","7.8","","0.0","","","M","","M","","M","","","29","","39",""
"-89.32","48.37","THUNDER BAY A","6048262","2024-05-24","2024","05","24","","9.8","","3.0","","6.4","","11.6","","0.0","","","M","","M","","M","","","9","","37",""
"-89.32","48.37","THUNDER BAY A","6048262","2024-05-25","2024","05","25","","20.6","","5.7","","13.2","","4.8","","0.0","","","M","","M","","M","","","","M","","M"
"-89.32","48.37","THUNDER BAY A","6048262","2024-05-26","2024","05","26","","17.4","","3.1","","10.3","","7.7","","0.0","","","M","","M","","M","","","","M","","M"
"-89.32","48.37","THUNDER BAY A","6048262","2024-05-27","2024","05","27","","23.4","","5.8","","14.6","","3.4","","0.0","","","M","","M","","M","","","","M","","M"
"-89.32","48.37","THUNDER BAY A","6048262","2024-05-28","2024","05","28","","18.8","","4.3","","11.6","","6.4","","0.0","","","M","","M","","M","","","","M","","M"
"-89.32","48.37","THUNDER BAY A","6048262","2024-05-29","2024","05","29","","20.8","","0.9","","10.9","","7.1","","0.0","","","M","","M","","M","","","","M","","M"
"-89.32","48.37","THUNDER BAY A","6048262","2024-05-30","2024","05","30","","21.6","","0.4","","11.0","","7.0","","0.0","","","M","","M","","M","","","","M","","M"
"-89.32","48.37","THUNDER BAY A","6048262","2024-05-31","2024","05","31","","24.4","","5.7","","15.1","","2.9","","0.0","","","M","","M","","M","","","","M","","M"
"-89.32","48.37","THUNDER BAY A","6048262","2024-06-01","2024","06","01","","20.1","","7.0","","13.6","","4.4","","0.0","","","M","","M","","M","","","","M","","M"
"-89.32","48.37","THUNDER BAY A","6048262","2024-06-02","2024","06","02","","24.6","","4.3","","14.5","","3.5","","0.0","","","M","","M","","M","","","16","","33",""
"-89.32","48.37","THUNDER BAY A","6048262","2024-06-03","2024","06","03","","17.0","","9.0","","13.0","","5.0","","0.0","","","M","","M","","M","","","","M","","M"
"-89.32","48.37","THUNDER BAY A","6048262","2024-06-04","2024","06","04","","","M","","M","","M","","M","","M","","M","","M","","M","","","","M","","M"
"-89.32","48.37","THUNDER BAY A","6048262","2024-06-05","2024","06","05","","20.2","","10.1","","15.2","","2.8","","0.0","","","M","","M","","M","","","","M","","M"
"-89.32","48.37","THUNDER BAY A","6048262","2024-06-06","2024","06","06","","18.5","","8.5","","13.5","","4.5","","0.0","","","M","","M","","M","","","32","","35",""
"-89.32","48.37","THUNDER BAY A","6048262","2024-06-07","2024","06","07","","21.8","","8.0","","14.9","","3.1","","0.0","","","M","","M","","M","","","31","","45",""
"-89.32","48.37","THUNDER BAY A","6048262","2024-06-08","2024","06","08","","21.5","","5.9","","13.7","","4.3","","0.0","","","M","","M","","M","","","33","","32",""
"-89.32","48.37","THUNDER BAY A","6048262","2024-06-09","2024","06","09","","20.4","","6.6","","13.5","","4.5","","0.0","","","M","","M","","M","","","","M","","M"
"-89.32","48.37","THUNDER BAY A","6048262","2024-06-10","2024","06","10","","23.1","","1.2","","12.2","","5.8","","0.0","","","M","","M","","M","","","","M","","M"
"-89.32","48.37","THUNDER BAY A","6048262","2024-06-11","2024","06","11","","15.8","","2.2","","9.0","","9.0","","0.0","","","M","","M","","M","","","","M","","M"
"-89.32","48.37","THUNDER BAY A","6048262","2024-06-12","2024","06","12","","22.6","","4.6","","13.6","","4.4","","0.0","","","M","","M","","M","","","","M","","M"
"-89.32","48.37","THUNDER BAY A","6048262","2024-06-13","2024","06","13","","23.3","","8.9","","16.1","","1.9","","0.0","","","M","","M","","M","","","2","","31",""
"-89.32","48.37","THUNDER BAY A","6048262","2024-06-14","2024","06","14","","19.3","","6.9","","13.1","","4.9","","0.0","","","M","","M","","M","","","","M","","M"
"-89.32","48.37","THUNDER BAY A","6048262","2024-06-15","2024","06","15","","24.4","","6.1","","15.3","","2.7","","0.0","","","M","","M","","M","","","","M","","M"
"-89.32","48.37","THUNDER BAY A","6048262","2024-06-16","2024","06","16","","17.6","","12.1","","14.9","","3.1","","0.0","","","M","","M","","M","","","","M","","M"
"-89.32","48.37","THUNDER BAY A","6048262","2024-06-17","2024","06","17","","21.4","","10.6","","16.0","","2.0","","0.0","","","M","","M","","M","","","","M","","M"
"-89.32","48.37","THUNDER BAY A","6048262","2024-06-18","2024","06","18","","20.9","","10.3","","15.6","","2.4","","0.0","","","M","","M","","M","","","17","","32",""
"-89.32","48.37","THUNDER BAY A","6048262","2024-06-19","2024","06","19","","22.1","","8.6","","15.4","","2.6","","0.0","","","M","","M","","M","","","30","","39",""
"-89.32","48.37","THUNDER BAY A","6048262","2024-06-20","2024","06","20","","20.7","","6.8","","13.8","","4.2","","0.0","","","M","","M","","M","","","","M","","M"
"-89.32","48.37","THUNDER BAY A","6048262","2024-06-21","2024","06","21","","24.2","","7.3","","15.8","","2.2","","0.0","","","M","","M","","M","","","","M","","M"
"-89.32","48.37","THUNDER BAY A","6048262","2024-06-22","2024","06","22","","22.8","","9.4","","16.1","","1.9","","0.0","","","M","","M","","M","","","","M","","M"
"-89.32","48.37","THUNDER BAY A","6048262","2024-06-23","2024","06","23","","22.1","","11.4","","16.8","","1.2","","0.0","","","M","","M","","M","","","","M","","M"
"-89.32","48.37","THUNDER BAY A","6048262","2024-06-24","2024","06","24","","24.3","","9.4","","16.9","","1.1","","0.0","","","M","","M","","M","","","19","","50",""
"-89.32","48.37","THUNDER BAY A","6048262","2024-06-25","2024","06","25","","29.2","","12.9","","21.1","","0.0","","3.1","","","M","","M","","M","","","29","","50",""
"-89.32","48.37","THUNDER BAY A","6048262","2024-06-26","2024","06","26","","16.8","","8.0","","12.4","","5.6","","0.0","","","M","","M","","M","","","","M","","M"
"-89.32","48.37","THUNDER BAY A","6048262","2024-06-27","2024","06","27","","","M","","M","","M","","M","","M","","M","","M","","M","","","","M","","M"
"-89.32","48.37","THUNDER BAY A","6048262","2024-06-28","2024","06","28","","14.3","","9.2","","11.8","","6.2","","0.0","","","M","","M","","M","","","","M","","M"
"-89.32","48.37","THUNDER BAY A","6048262","2024-06-29","2024","06","29","","14.8","","5.9","","10.4","","7.6","","0.0","","","M","","M","","M","","","","M","","M"
"-89.32","48.37","THUNDER BAY A","6048262","2024-06-30","2024","06","30","","23.8","","3.6","","13.7","","4.3","","0.0","","","M","","M","","M","","","","M","","M"
"-89.32","48.37","THUNDER BAY A","6048262","2024-07-01","2024","07","01","","23.4","","5.8","","14.6","","3.4","","0.0","","","M","","M","","M","","","","M","","M"
"-89.32","48.37","THUNDER BAY A","6048262","2024-07-02","2024","07","02","","18.2","","12.3","","15.3","","2.7","","0.0","","","M","","M","","M","","","","M","","M"
"-89.32","48.37","THUNDER BAY A","6048262","2024-07-03","2024","07","03","","26.3","","11.9","","19.1","","0.0","","1.1","","","M","","M","","M","","","25","","39",""
"-89.32","48.37","THUNDER BAY A","6048262","2024-07-04","2024","07","04","","24.4","","12.3","","18.4","","0.0","","0.4","","","M","","M","","M","","","","M","","M"
"-89.32","48.37","THUNDER BAY A","6048262","2024-07-05","2024","07","05","","24.7","","11.4","","18.1","","0.0","","0.1","","","M","","M","","M","","","","M","","M"
"-89.32","48.37","THUNDER BAY A","6048262","2024-07-06","2024","07","06","","27.8","","11.8","","19.8","","0.0","","1.8","","","M","","M","","M","","","","M","","M"
"-89.32","48.37","THUNDER BAY A","6048262","2024-07-07","2024","07","07","","24.9","","11.1","","18.0","","0.0","","0.0","","","M","","M","","M","","","","M","","M"
"-89.32","48.37","THUNDER BAY A","6048262","2024-07-08","2024","07","08","","27.3","","11.5","","19.4","","0.0","","1.4","","","M","","M","","M","","","","M","","M"
"-89.32","48.37","THUNDER BAY A","6048262","2024-07-09","2024","07","09","","28.2","","12.9","","20.6","","0.0","","2.6","","","M","","M","","M","","","","M","","M"
"-89.32","48.37","THUNDER BAY A","6048262","2024-07-10","2024","07","10","","23.4","","11.5","","17.5","","0.5","","0.0","","","M","","M","","M","","","","M","","M"
"-89.32","48.37","THUNDER BAY A","6048262","2024-07-11","2024","07","11","","26.3","","8.5","","17.4","","0.6","","0.0","","","M","","M","","M","","","","M","","M"
"-89.32","48.37","THUNDER BAY A","6048262","2024-07-12","2024","07","12","","31.9","","12.4","","22.2","","0.0","","4.2","","","M","","M","","M","","","","M","","M"
"-89.32","48.37","THUNDER BAY A","6048262","2024-07-13","2024","07","13","","29.9","","15.3","","22.6","","0.0","","4.6","","","M","","M","","M","","","18","","36",""
"-89.32","48.37","THUNDER BAY A","6048262","2024-07-14","2024","07","14","","30.4","","14.7","","22.6","","0.0","","4.6","","","M","","M","","M","","","","M","","M"
"-89.32","48.37","THUNDER BAY A","6048262","2024-07-15","2024","07","15","","20.0","","12.5","","16.3","","1.7","","0.0","","","M","","M","","M","","","","M","","M"
"-89.32","48.37","THUNDER BAY A","6048262","2024-07-16","2024","07","16","","23.3","","11.9","","17.6","","0.4","","0.0","","","M","","M","","M","","","","M","","M"
"-89.32","48.37","THUNDER BAY A","6048262","2024-07-17","2024","07","17","","21.2","","9.0","","15.1","","2.9","","0.0","","","M","","M","","M","","","","M","","M"
"-89.32","48.37","THUNDER BAY A","6048262","2024-07-18","2024","07","18","","","M","","M","","M","","M","","M","","M","","M","","M","","","","M","","M"
"-89.32","48.37","THUNDER BAY A","6048262","2024-07-19","2024","07","19","","27.7","","10.8","","19.3","","0.0","","1.3","","","M","","M","","M","","","25","","35",""
"-89.32","48.37","THUNDER BAY A","6048262","2024-07-20","2024","07","20","","25.0","","10.5","","17.8","","0.2","","0.0","","","M","","M","","M","","","","M","","M"
"-89.32","48.37","THUNDER BAY A","6048262","2024-07-21","2024","07","21","","24.9","","7.8","","16.4","","1.6","","0.0","","","M","","M","","M","","","","M","","M"
"-89.32","48.37","THUNDER BAY A","6048262","2024-07-22","2024","07","22","","20.7","","9.6","","15.2","","2.8","","0.0","","","M","","M","","M","","","","M","","M"
"-89.32","48.37","THUNDER BAY A","6048262","2024-07-23","2024","07","23","","22.3","","11.2","","16.8","","1.2","","0.0","","","M","","M","","M","","","","M","","M"
"-89.32","48.37","THUNDER BAY A","6048262","2024-07-24","2024","07","24","","23.2","","8.2","","15.7","","2.3","","0.0","","","M","","M","","M","","","","M","","M"
"-89.32","48.37","THUNDER BAY A","6048262","2024-07-25","2024","07","25","","26.5","","8.4","","17.5","","0.5","","0.0","","","M","","M","","M","","","","M","","M"
"-89.32","48.37","THUNDER BAY A","6048262","2024-07-26","2024","07","26","","26.9","","8.9","","17.9","","0.1","","0.0","","","M","","M","","M","","","20","","35",""
"-89.32","48.37","THUNDER BAY A","6048262","2024-07-27","2024","07","27","","29.2","","14.8","","22.0","","0.0","","4.0","","","M","","M","","M","","","","M","","M"
"-89.32","48.37","THUNDER BAY A","6048262","2024-07-28","2024","07","28","","30.3","","18.6","","24.5","","0.0","","6.5","","","M","","M","","M","","","20","","42",""
"-89.32","48.37","THUNDER BAY A","6048262","2024-07-29","2024","07","29","","","M","","M","","M","","M","","M","","M","","M","","M","","","","M","","M"
"-89.32","48.37","THUNDER BAY A","6048262","2024-07-30","2024","07","30","","29.3","","16.5","","22.9","","0.0","","4.9","","","M","","M","","M","","","","M","","M"
"-89.32","48.37","THUNDER BAY A","6048262","2024-07-31","2024","07","31","","32.4","","13.7","","23.1","","0.0","","5.1","","","M","","M","","M","","","","M","","M"
"-89.32","48.37","THUNDER BAY A","6048262","2024-08-01","2024","08","01","","30.9","","16.8","","23.9","","0.0","","5.9","","","M","","M","","M","","","","M","","M"
"-89.32","48.37","THUNDER BAY A","6048262","2024-08-02","2024","08","02","","30.9","","15.2","","23.1","","0.0","","5.1","","","M","","M","","M","","","","M","","M"
"-89.32","48.37","THUNDER BAY A","6048262","2024-08-03","2024","08","03","","24.3","","12.8","","18.6","","0.0","","0.6","","","M","","M","","M","","","","M","","M"
"-89.32","48.37","THUNDER BAY A","6048262","2024-08-04","2024","08","04","","","M","","M","","M","","M","","M","","M","","M","","M","","","","M","","M"
"-89.32","48.37","THUNDER BAY A","6048262","2024-08-05","2024","08","05","","25.5","","8.0","","16.8","","1.2","","0.0","","","M","","M","","M","","","","M","","M"
"-89.32","48.37","THUNDER BAY A","6048262","2024-08-06","2024","08","06","","","M","","M","","M","","M","","M","","M","","","","M","","","","","",""
"-89.32","48.37","THUNDER BAY A","6048262","2024-08-07","2024","08","07","","25.2","","9.8","","17.5","","0.5","","0.0","","","M","","M","","M","","","","M","","M"
"-89.32","48.37","THUNDER BAY A","6048262","2024-08-08","2024","08","08","","23.3","","12.3","","17.8","","0.2","","0.0","","","M","","M","","M","","","30","","31",""
"-89.32","48.37","THUNDER BAY A","6048262","2024-08-09","2024","08","09","","17.8","","11.1","","14.5","","3.5","","0.0","","","M","","M","","M","","","32","","31",""
"-89.32","48.37","THUNDER BAY A","6048262","2024-08-10","2024","08","10","","17.1","","11.4","","14.3","","3.7","","0.0","","","M","","M","","M","","","","M","","M"
"-89.32","48.37","THUNDER BAY A","6048262","2024-08-11","2024","08","11","","27.6","","8.6","","18.1","","0.0","","0.1","","","M","","M","","M","","","","M","","M"
"-89.32","48.37","THUNDER BAY A","6048262","2024-08-12","2024","08","12","","28.9","","9.9","","19.4","","0.0","","1.4","","","M","","M","","M","","","","M","","M"
"-89.32","48.37","THUNDER BAY A","6048262","2024-08-13","2024","08","13","","30.5","","12.1","","21.3","","0.0","","3.3","","","M","","M","","M","","","","M","","M"
"-89.32","48.37","THUNDER BAY A","6048262","2024-08-14","2024","08","14","","29.6","","12.1","","20.9","","0.0","","2.9","","","M","","M","","M","","","","M","","M"
"-89.32","48.37","THUNDER BAY A","6048262","2024-08-15","2024","08","15","","26.2","","16.0","","21.1","","0.0","","3.1","","","M","","M","","M","","","16","","33",""
"-89.32","48.37","THUNDER BAY A","6048262","2024-08-16","2024","08","16","","20.2","","17.5","","18.9","","0.0","","0.9","","","M","","M","","M","","","","M","","M"
"-89.32","48.37","THUNDER BAY A","6048262","2024-08-17","2024","08","17","","26.1","","14.3","","20.2","","0.0","","2.2","","","M","","M","","M","","","36","","34",""
"-89.32","48.37","THUNDER BAY A","6048262","2024-08-18","2024","08","18","","25.1","","10.1","","17.6","","0.4","","0.0","","","M","","M","","M","","","","M","","M"
"-89.32","48.37","THUNDER BAY A","6048262","2024-08-19","2024","08","19","","21.6","","7.4","","14.5","","3.5","","0.0","","","M","","M","","M","","","","M","","M"
"-89.32","48.37","THUNDER BAY A","6048262","2024-08-20","2024","08","20","","21.7","","4.5","","13.1","","4.9","","0.0","","","M","","M","","M","","","","M","","M"
"-89.32","48.37","THUNDER BAY A","6048262","2024-08-21","2024","08","21","","25.5","","6.2","","15.9","","2.1","","0.0","","","M","","M","","M","","","","M","","M"
"-89.32","48.37","THUNDER BAY A","6048262","2024-08-22","2024","08","22","","25.8","","10.2","","18.0","","0.0","","0.0","","","M","","M","","M","","","20","","35",""
"-89.32","48.37","THUNDER BAY A","6048262","2024-08-23","2024","08","23","","24.6","","14.7","","19.7","","0.0","","1.7","","","M","","M","","M","","","","M","","M"
"-89.32","48.37","THUNDER BAY A","6048262","2024-08-24","2024","08","24","","27.7","","11.2","","19.5","","0.0","","1.5","","","M","","M","","M","","","","M","","M"
"-89.32","48.37","THUNDER BAY A","6048262","2024-08-25","2024","08","25","","","M","","M","","M","","M","","M","","M","","M","","M","","","10","","31",""
"-89.32","48.37","THUNDER BAY A","6048262","2024-08-26","2024","08","26","","30.7","","17.6","","24.2","","0.0","","6.2","","","M","","M","","M","","","","M","","M"
"-89.32","48.37","THUNDER BAY A","6048262","2024-08-27","2024","08","27","","22.1","","14.7","","18.4","","0.0","","0.4","","","M","","M","","M","","","","M","","M"
"-89.32","48.37","THUNDER BAY A","6048262","2024-08-28","2024","08","28","","18.8","","6.5","","12.7","","5.3","","0.0","","","M","","M","","M","","","10","","31",""
"-89.32","48.37","THUNDER BAY A","6048262","2024-08-29","2024","08","29","","21.0","","4.3","","12.7","","5.3","","0.0","","","M","","M","","M","","","","M","","M"
"-89.32","48.37","THUNDER BAY A","6048262","2024-08-30","2024","08","30","","26.4","","12.9","","19.7","","0.0","","1.7","","","M","","M","","M","","","27","","37",""
"-89.32","48.37","THUNDER BAY A","6048262","2024-08-31","2024","08","31","","27.1","","10.7","","18.9","","0.0","","0.9","","","M","","M","","M","","","","M","","M"
"-89.32","48.37","THUNDER BAY A","6048262","2024-09-01","2024","09","01","","21.7","","7.1","","14.4","","3.6","","0.0","","","M","","M","","M","","","29","","49",""
"-89.32","48.37","THUNDER BAY A","6048262","2024-09-02","2024","09","02","","","M","","M","","M","","M","","M","","M","","M","","M","","","","M","","M"
"-89.32","48.37","THUNDER BAY A","6048262","2024-09-03","2024","09","03","","24.0","","6.3","","15.2","","2.8","","0.0","","","M","","M","","M","","","21","","32",""
"-89.32","48.37","THUNDER BAY A","6048262","2024-09-04","2024","09","04","","25.3","","10.3","","17.8","","0.2","","0.0","","","M","","M","","M","","","","M","","M"
"-89.32","48.37","THUNDER BAY A","6048262","2024-09-05","2024","09","05","","17.5","","6.3","","11.9","","6.1","","0.0","","","M","","M","","M","","","","M","","M"
"-89.32","48.37","THUNDER BAY A","6048262","2024-09-06","2024","09","06","","13.5","","0.8","","7.2","","10.8","","0.0","","","M","","M","","M","","","","M","","M"
"-89.32","48.37","THUNDER BAY A","6048262","2024-09-07","2024","09","07","","18.2","","-1.3","","8.5","","9.5","","0.0","","","M","","M","","M","","","","M","","M"
"-89.32","48.37","THUNDER BAY A","6048262","2024-09-08","2024","09","08","","23.5","","6.3","","14.9","","3.1","","0.0","","","M","","M","","M","","","","M","","M"
"-89.32","48.37","THUNDER BAY A","6048262","2024-09-09","2024","09","09","","24.0","","6.4","","15.2","","2.8","","0.0","","","M","","M","","M","","","","M","","M"
"-89.32","48.37","THUNDER BAY A","6048262","2024-09-10","2024","09","10","","23.5","","7.8","","15.7","","2.3","","0.0","","","M","","M","","M","","","","M","","M"
"-89.32","48.37","THUNDER BAY A","6048262","2024-09-11","2024","09","11","","25.1","","10.9","","18.0","","0.0","","0.0","","","M","","M","","M","","","","M","","M"
"-89.32","48.37","THUNDER BAY A","6048262","2024-09-12","2024","09","12","","22.8","","11.7","","17.3","","0.7","","0.0","","","M","","M","","M","","","","M","","M"
"-89.32","48.37","THUNDER BAY A","6048262","2024-09-13","2024","09","13","","20.5","","14.9","","17.7","","0.3","","0.0","","","M","","M","","M","","","","M","","M"
"-89.32","48.37","THUNDER BAY A","6048262","2024-09-14","2024","09","14","","26.0","","9.9","","18.0","","0.0","","0.0","","","M","","M","","M","","","","M","","M"
"-89.32","48.37","THUNDER BAY A","6048262","2024-09-15","2024","09","15","","27.5","","16.5","","22.0","","0.0","","4.0","","","M","","M","","M","","","","M","","M"
"-89.32","48.37","THUNDER BAY A","6048262","2024-09-16","2024","09","16","","28.8","","15.7","","22.3","","0.0","","4.3","","","M","","M","","M","","","","M","","M"
"-89.32","48.37","THUNDER BAY A","6048262","2024-09-17","2024","09","17","","28.3","","14.5","","21.4","","0.0","","3.4","","","M","","M","","M","","","","M","","M"
"-89.32","48.37","THUNDER BAY A","6048262","2024-09-18","2024","09","18","","29.7","","13.9","","21.8","","0.0","","3.8","","","M","","M","","M","","","","M","","M"
"-89.32","48.37","THUNDER BAY A","6048262","2024-09-19","2024","09","19","","25.3","","11.9","","18.6","","0.0","","0.6","","","M","","M","","M","","","","M","","M"
"-89.32","48.37","THUNDER BAY A","6048262","2024-09-20","2024","09","20","","26.1","","10.2","","18.2","","0.0","","0.2","","","M","","M","","M","","","","M","","M"
"-89.32","48.37","THUNDER BAY A","6048262","2024-09-21","2024","09","21","","24.3","","7.6","","16.0","","2.0","","0.0","","","M","","M","","M","","","30","","40",""
"-89.32","48.37","THUNDER BAY A","6048262","2024-09-22","2024","09","22","","","M","","M","","M","","M","","M","","M","","M","","M","","","28","","34",""
"-89.32","48.37","THUNDER BAY A","6048262","2024-09-23","2024","09","23","","19.9","","1.4","","10.7","","7.3","","0.0","","","M","","M","","M","","","","M","","M"
"-89.32","48.37","THUNDER BAY A","6048262","2024-09-24","2024","09","24","","20.0","","5.6","","12.8","","5.2","","0.0","","","M","","M","","M","","","","M","","M"
"-89.32","48.37","THUNDER BAY A","6048262","2024-09-25","2024","09","25","","25.1","","7.4","","16.3","","1.7","","0.0","","","M","","M","","M","","","","M","","M"
"-89.32","48.37","THUNDER BAY A","6048262","2024-09-26","2024","09","26","","25.7","","6.4","","16.1","","1.9","","0.0","","","M","","M","","M","","","","M","","M"
"-89.32","48.37","THUNDER BAY A","6048262","2024-09-27","2024","09","27","","28.0","","7.1","","17.6","","0.4","","0.0","","","M","","M","","M","","","","M","","M"
"-89.32","48.37","THUNDER BAY A","6048262","2024-09-28","2024","09","28","","28.7","","6.2","","17.5","","0.5","","0.0","","","M","","M","","M","","","","M","","M"
"-89.32","48.37","THUNDER BAY A","6048262","2024-09-29","2024","09","29","","21.4","","2.2","","11.8","","6.2","","0.0","","","M","","M","","M","","","","M","","M"
"-89.32","48.37","THUNDER BAY A","6048262","2024-09-30","2024","09","30","","23.3","","1.4","","12.4","","5.6","","0.0","","","M","","M","","M","","","28","","57",""
"-89.32","48.37","THUNDER BAY A","6048262","2024-10-01","2024","10","01","","16.9","","4.8","","10.9","","7.1","","0.0","","","M","","M","","M","","","28","","46",""
"-89.32","48.37","THUNDER BAY A","6048262","2024-10-02","2024","10","02","","19.7","","5.5","","12.6","","5.4","","0.0","","","M","","M","","M","","","","M","","M"
"-89.32","48.37","THUNDER BAY A","6048262","2024-10-03","2024","10","03","","17.5","","0.3","","8.9","","9.1","","0.0","","","M","","M","","M","","","","M","","M"
"-89.32","48.37","THUNDER BAY A","6048262","2024-10-04","2024","10","04","","15.7","","-3.2","","6.3","","11.7","","0.0","","","M","","M","","M","","","","M","","M"
"-89.32","48.37","THUNDER BAY A","6048262","2024-10-05","2024","10","05","","19.8","","-1.9","","9.0","","9.0","","0.0","","","M","","M","","M","","","15","","44",""
"-89.32","48.37","THUNDER BAY A","6048262","2024-10-06","2024","10","06","","13.6","","3.0","","8.3","","9.7","","0.0","","","M","","M","","M","","","30","","58",""
"-89.32","48.37","THUNDER BAY A","6048262","2024-10-07","2024","10","07","","17.6","","1.1","","9.4","","8.6","","0.0","","","M","","M","","M","","","32","","39",""
"-89.32","48.37","THUNDER BAY A","6048262","2024-10-08","2024","10","08","","15.4","","-2.1","","6.7","","11.3","","0.0","","","M","","M","","M","","","","M","","M"
"-89.32","48.37","THUNDER BAY A","6048262","2024-10-09","2024","10","09","","14.2","","-4.4","","4.9","","13.1","","0.0","","","M","","M","","M","","","","M","","M"
"-89.32","48.37","THUNDER BAY A","6048262","2024-10-10","2024","10","10","","","M","","M","","M","","M","","M","","M","","M","","M","","","","M","","M"
"-89.32","48.37","THUNDER BAY A","6048262","2024-10-11","2024","10","11","","18.5","","1.3","","9.9","","8.1","","0.0","","","M","","M","","M","","","32","","44",""
"-89.32","48.37","THUNDER BAY A","6048262","2024-10-12","2024","10","12","","14.1","","-1.7","","6.2","","11.8","","0.0","","","M","","M","","M","","","","M","","M"
"-89.32","48.37","THUNDER BAY A","6048262","2024-10-13","2024","10","13","","9.7","","2.4","","6.1","","11.9","","0.0","","","M","","M","","M","","","","M","","M"
"-89.32","48.37","THUNDER BAY A","6048262","2024-10-14","2024","10","14","","7.7","","-2.4","","2.7","","15.3","","0.0","","","M","","M","","M","","","9","","34",""
"-89.32","48.37","THUNDER BAY A","6048262","2024-10-15","2024","10","15","","10.1","","-4.3","","2.9","","15.1","","0.0","","","M","","M","","M","","","","M","","M"
"-89.32","48.37","THUNDER BAY A","6048262","2024-10-16","2024","10","16","","16.2","","-4.7","","5.8","","12.2","","0.0","","","M","","M","","M","","","","M","","M"
"-89.32","48.37","THUNDER BAY A","6048262","2024-10-17","2024","10","17","","16.0","","-4.5","","5.8","","12.2","","0.0","","","M","","M","","M","","","18","","33",""
"-89.32","48.37","THUNDER BAY A","6048262","2024-10-18","2024","10","18","","20.0","","4.2","","12.1","","5.9","","0.0","","","M","","M","","M","","","","M","","M"
"-89.32","48.37","THUNDER BAY A","6048262","2024-10-19","2024","10","19","","12.3","","3.4","","7.9","","10.1","","0.0","","","M","","M","","M","","","","M","","M"
"-89.32","48.37","THUNDER BAY A","6048262","2024-10-20","2024","10","20","","22.6","","0.1","","11.4","","6.6","","0.0","","","M","","M","","M","","","","M","","M"
"-89.32","48.37","THUNDER BAY A","6048262","2024-10-21","2024","10","21","","18.0","","1.9","","10.0","","8.0","","0.0","","","M","","M","","M","","","","M","","M"
"-89.32","48.37","THUNDER BAY A","6048262","2024-10-22","2024","10","22","","22.8","","6.0","","14.4","","3.6","","0.0","","","M","","M","","M","","","33","","45",""
"-89.32","48.37","THUNDER BAY A","6048262","2024-10-23","2024","10","23","","9.2","","-2.9","","3.2","","14.8","","0.0","","","M","","M","","M","","","","M","","M"
"-89.32","48.37","THUNDER BAY A","6048262","2024-10-24","2024","10","24","","17.6","","-3.2","","7.2","","10.8","","0.0","","","M","","M","","M","","","","M","","M"
"-89.32","48.37","THUNDER BAY A","6048262","2024-10-25","2024","10","25","","11.6","","-0.7","","5.5","","12.5","","0.0","","","M","","M","","M","","","30","","31",""
"-89.32","48.37","THUNDER BAY A","6048262","2024-10-26","2024","10","26","","11.7","","-3.1","","4.3","","13.7","","0.0","","","M","","M","","M","","","","M","","M"
"-89.32","48.37","THUNDER BAY A","6048262","2024-10-27","2024","10","27","","6.9","","1.3","","4.1","","13.9","","0.0","","","M","","M","","M","","","10","","44",""
"-89.32","48.37","THUNDER BAY A","6048262","2024-10-28","2024","10","28","","15.9","","5.9","","10.9","","7.1","","0.0","","","M","","M","","M","","","14","","34",""
"-89.32","48.37","THUNDER BAY A","6048262","2024-10-29","2024","10","29","","15.4","","6.1","","10.8","","7.2","","0.0","","","M","","M","","M","","","","M","","M"
"-89.32","48.37","THUNDER BAY A","6048262","2024-10-30","2024","10","30","","11.4","","-1.6","","4.9","","13.1","","0.0","","","M","","M","","M","","","","M","","M"
"-89.32","48.37","THUNDER BAY A","6048262","2024-10-31","2024","10","31","","4.0","","-2.3","","0.9","","17.1","","0.0","","","M","","M","","M","","","1","","34",""
"-89.32","48.37","THUNDER BAY A","6048262","2024-11-01","2024","11","01","","","M","","M","","M","","M","","M","","M","","","","M","","","","","",""
"-89.32","48.37","THUNDER BAY A","6048262","2024-11-02","2024","11","02","","9.3","","-6.3","","1.5","","16.5","","0.0","","","M","","M","","M","","","","M","","M"
"-89.32","48.37","THUNDER BAY A","6048262","2024-11-03","2024","11","03","","10.6","","-4.4","","3.1","","14.9","","0.0","","","M","","M","","M","","","","M","","M"
"-89.32","48.37","THUNDER BAY A","6048262","2024-11-04","2024","11","04","","10.8","","7.0","","8.9","","9.1","","0.0","","","M","","M","","M","","","","M","","M"
"-89.32","48.37","THUNDER BAY A","6048262","2024-11-05","2024","11","05","","7.8","","2.7","","5.3","","12.7","","0.0","","","M","","M","","M","","","","M","","M"
"-89.32","48.37","THUNDER BAY A","6048262","2024-11-06","2024","11","06","","11.3","","-2.6","","4.4","","13.6","","0.0","","","M","","M","","M","","","","M","","M"
"-89.32","48.37","THUNDER BAY A","6048262","2024-11-07","2024","11","07","","11.2","","-2.3","","4.5","","13.5","","0.0","","","M","","M","","M","","","25","","35",""
"-89.32","48.37","THUNDER BAY A","6048262","2024-11-08","2024","11","08","","9.6","","-5.0","","2.3","","15.7","","0.0","","","M","","M","","M","","","","M","","M"
"-89.32","48.37","THUNDER BAY A","6048262","2024-11-09","2024","11","09","","11.6","","-7.0","","2.3","","15.7","","0.0","","","M","","M","","M","","","","M","","M"
"-89.32","48.37","THUNDER BAY A","6048262","2024-11-10","2024","11","10","","7.8","","3.9","","5.9","","12.1","","0.0","","","M","","M","","M","","","","M","","M"
"-89.32","48.37","THUNDER BAY A","6048262","2024-11-11","2024","11","11","","7.7","","-5.3","","1.2","","16.8","","0.0","","","M","","M","","M","","","35","","48",""
"-89.32","48.37","THUNDER BAY A","6048262","2024-11-12","2024","11","12","","6.8","","-8.6","","-0.9","","18.9","","0.0","","","M","","M","","M","","","17","","33",""
"-89.32","48.37","THUNDER BAY A","6048262","2024-11-13","2024","11","13","","7.9","","1.8","","4.9","","13.1","","0.0","","","M","","M","","M","","","","M","","M"
"-89.32","48.37","THUNDER BAY A","6048262","2024-11-14","2024","11","14","","8.9","","0.0","","4.5","","13.5","","0.0","","","M","","M","","M","","","","M","","M"
"-89.32","48.37","THUNDER BAY A","6048262","2024-11-15","2024","11","15","","10.3","","-3.5","","3.4","","14.6","","0.0","","","M","","M","","M","","","","M","","M"
"-89.32","48.37","THUNDER BAY A","6048262","2024-11-16","2024","11","16","","9.5","","-4.6","","2.5","","15.5","","0.0","","","M","","M","","M","","","16","","32",""
"-89.32","48.37","THUNDER BAY A","6048262","2024-11-17","2024","11","17","","","M","","M","","M","","M","","M","","M","","M","","M","","","25","","36",""
"-89.32","48.37","THUNDER BAY A","6048262","2024-11-18","2024","11","18","","8.8","","-5.3","","1.8","","16.2","","0.0","","","M","","M","","M","","","9","","42",""
"-89.32","48.37","THUNDER BAY A","6048262","2024-11-19","2024","11","19","","9.4","","6.2","","7.8","","10.2","","0.0","","","M","","M","","M","","","9","","59",""
"-89.32","48.37","THUNDER BAY A","6048262","2024-11-20","2024","11","20","","6.7","","1.6","","4.2","","13.8","","0.0","","","M","","M","","M","","","33","","43",""
"-89.32","48.37","THUNDER BAY A","6048262","2024-11-21","2024","11","21","","6.9","","2.6","","4.8","","13.2","","0.0","","","M","","M","","M","","","","M","","M"
"-89.32","48.37","THUNDER BAY A","6048262","2024-11-22","2024","11","22","","6.2","","-0.2","","3.0","","15.0","","0.0","","","M","","M","","M","","","","M","","M"
"-89.32","48.37","THUNDER BAY A","6048262","2024-11-23","2024","11","23","","1.6","","-3.9","","-1.2","","19.2","","0.0","","","M","","M","","M","","","","M","","M"
"-89.32","48.37","THUNDER BAY A","6048262","2024-11-24","2024","11","24","","-0.7","","-8.0","","-4.4","","22.4","","0.0","","","M","","M","","M","","","","M","","M"
"-89.32","48.37","THUNDER BAY A","6048262","2024-11-25","2024","11","25","","-0.3","","-4.2","","-2.3","","20.3","","0.0","","","M","","M","","M","","","","M","","M"
"-89.32","48.37","THUNDER BAY A","6048262","2024-11-26","2024","11","26","","-1.6","","-6.2","","-3.9","","21.9","","0.0","","","M","","M","","M","","","","M","","M"
"-89.32","48.37","THUNDER BAY A","6048262","2024-11-27","2024","11","27","","-2.3","","-9.2","","-5.8","","23.8","","0.0","","","M","","M","","M","","","","M","","M"
"-89.32","48.37","THUNDER BAY A","6048262","2024-11-28","2024","11","28","","-4.9","","-8.1","","-6.5","","24.5","","0.0","","","M","","M","","M","","","32","","36",""
"-89.32","48.37","THUNDER BAY A","6048262","2024-11-29","2024","11","29","","-4.3","","-7.7","","-6.0","","24.0","","0.0","","","M","","M","","M","","","29","","60",""
"-89.32","48.37","THUNDER BAY A","6048262","2024-11-30","2024","11","30","","-5.6","","-9.2","","-7.4","","25.4","","0.0","","","M","","M","","M","","","29","","39",""
"-89.32","48.37","THUNDER BAY A","6048262","2024-12-01","2024","12","01","","-3.2","","-8.0","","-5.6","","23.6","","0.0","","","M","","M","","M","","","","M","","M"
"-89.32","48.37","THUNDER BAY A","6048262","2024-12-02","2024","12","02","","-4.1","","-8.5","","-6.3","","24.3","","0.0","","","M","","M","","M","","","","M","","M"
"-89.32","48.37","THUNDER BAY A","6048262","2024-12-03","2024","12","03","","-3.5","","-8.9","","-6.2","","24.2","","0.0","","","M","","M","","M","","","","M","","M"
"-89.32","48.37","THUNDER BAY A","6048262","2024-12-04","2024","12","04","","","M","","M","","M","","M","","M","","M","","M","","M","","","33","","61",""
"-89.32","48.37","THUNDER BAY A","6048262","2024-12-05","2024","12","05","","-6.2","","-11.6","","-8.9","","26.9","","0.0","","","M","","M","","M","","","32","","42",""
"-89.32","48.37","THUNDER BAY A","6048262","2024-12-06","2024","12","06","","","M","","M","","M","","M","","M","","M","","M","","M","","","","M","","M"
"-89.32","48.37","THUNDER BAY A","6048262","2024-12-07","2024","12","07","","2.0","","-9.0","","-3.5","","21.5","","0.0","","","M","","M","","M","","","","M","","M"
"-89.32","48.37","THUNDER BAY A","6048262","2024-12-08","2024","12","08","","1.0","","-6.7","","-2.9","","20.9","","0.0","","","M","","M","","M","","","6","","53",""
"-89.32","48.37","THUNDER BAY A","6048262","2024-12-09","2024","12","09","","-4.3","","-7.3","","-5.8","","23.8","","0.0","","","M","","M","","M","","","","M","","M"
"-89.32","48.37","THUNDER BAY A","6048262","2024-12-10","2024","12","10","","-7.0","","-16.3","","-11.7","","29.7","","0.0","","","M","","M","","M","","","","M","","M"
"-89.32","48.37","THUNDER BAY A","6048262","2024-12-11","2024","12","11","","-10.5","","-19.6","","-15.1","","33.1","","0.0","","","M","","M","","M","","","30","","40",""
"-89.32","48.37","THUNDER BAY A","6048262","2024-12-12","2024","12","12","","-17.9","","-24.3","","-21.1","","39.1","","0.0","","","M","","M","","M","","","27","","40",""
"-89.32","48.37","THUNDER BAY A","6048262","2024-12-13","2024","12","13","","-11.0","","-20.5","","-15.8","","33.8","","0.0","","","M","","M","","M","","","","M","","M"
"-89.32","48.37","THUNDER BAY A","6048262","2024-12-14","2024","12","14","","0.1","","-16.3","","-8.1","","26.1","","0.0","","","M","","M","","M","","","","M","","M"
"-89.32","48.37","THUNDER BAY A","6048262","2024-12-15","2024","12","15","","","M","","M","","M","","M","","M","","M","","M","","M","","","","M","","M"
"-89.32","48.37","THUNDER BAY A","6048262","2024-12-16","2024","12","16","","3.8","","-0.3","","1.8","","16.2","","0.0","","","M","","M","","M","","","","M","","M"
"-89.32","48.37","THUNDER BAY A","6048262","2024-12-17","2024","12","17","","1.4","","-6.6","","-2.6","","20.6","","0.0","","","M","","M","","M","","","29","","31",""
"-89.32","48.37","THUNDER BAY A","6048262","2024-12-18","2024","12","18","","-6.4","","-20.6","","-13.5","","31.5","","0.0","","","M","","M","","M","","","29","","36",""
"-89.32","48.37","THUNDER BAY A","6048262","2024-12-19","2024","12","19","","-10.6","","-23.0","","-16.8","","34.8","","0.0","","","M","","M","","M","","","","M","","M"
"-89.32","48.37","THUNDER BAY A","6048262","2024-12-20","2024","12","20","","","M","","M","","M","","M","","M","","M","","M","","M","","","32","","31",""
"-89.32","48.37","THUNDER BAY A","6048262","2024-12-21","2024","12","21","","-13.8","","-25.5","","-19.7","","37.7","","0.0","","","M","","M","","M","","","","M","","M"
"-89.32","48.37","THUNDER BAY A","6048262","2024-12-22","2024","12","22","","-3.3","","-14.4","","-8.9","","26.9","","0.0","","","M","","M","","M","","","","M","","M"
"-89.32","48.37","THUNDER BAY A","6048262","2024-12-23","2024","12","23","","","M","","M","","M","","M","","M","","M","","M","","M","","","","M","","M"
"-89.32","48.37","THUNDER BAY A","6048262","2024-12-24","2024","12","24","","","M","","M","","M","","M","","M","","M","","M","","M","","","","M","","M"
"-89.32","48.37","THUNDER BAY A","6048262","2024-12-25","2024","12","25","","","M","","M","","M","","M","","M","","M","","M","","M","","","","M","","M"
"-89.32","48.37","THUNDER BAY A","6048262","2024-12-26","2024","12","26","","3.0","","-5.7","","-1.4","","19.4","","0.0","","","M","","M","","M","","","","M","","M"
"-89.32","48.37","THUNDER BAY A","6048262","2024-12-27","2024","12","27","","3.4","","0.6","","2.0","","16.0","","0.0","","","M","","M","","M","","","","M","","M"
"-89.32","48.37","THUNDER BAY A","6048262","2024-12-28","2024","12","28","","3.2","","1.0","","2.1","","15.9","","0.0","","","M","","M","","M","","","","M","","M"
"-89.32","48.37","THUNDER BAY A","6048262","2024-12-29","2024","12","29","","1.9","","-1.8","","0.1","","17.9","","0.0","","","M","","M","","M","","","","M","","M"
"-89.32","48.37","THUNDER BAY A","6048262","2024-12-30","2024","12","30","","0.6","","-2.3","","-0.9","","18.9","","0.0","","","M","","M","","M","","","","M","","M"
"-89.32","48.37","THUNDER BAY A","6048262","2024-12-31","2024","12","31","","-0.9","","-4.6","","-2.8","","20.8","","0.0","","","M","","M","","M","","","28","","32",""
