Date,Peak_Demand_MW,Avg_Demand_MW,Min_Demand_MW
2019-01-01,17278,14486.125,12291
2019-01-02,19666,16953.416666666668,13924
2019-01-03,18803,16646.333333333332,14024
2019-01-04,17738,15647.708333333334,13464
2019-01-05,17184,15011.291666666666,12882
2019-01-06,18226,14942.041666666668,12332
2019-01-07,19717,17079.25,13732
2019-01-08,18527,16225.083333333334,13591
2019-01-09,18794,16319.208333333334,13443
2019-01-10,20012,17160.708333333332,14083
2019-01-11,19934,17799.75,15604
2019-01-12,18853,16623.541666666668,14744
2019-01-13,19314,16394.875,14438
2019-01-14,19555,17333.166666666668,14977
2019-01-15,19291,17129.833333333332,14434
2019-01-16,19928,17118.75,14451
2019-01-17,20142,17827.416666666668,15384
2019-01-18,19257,17498.5,15026
2019-01-19,20324,17815.333333333332,15015
2019-01-20,20879,17900.041666666668,15745
2019-01-21,21525,19333.333333333332,16722
2019-01-22,20591,18803.333333333332,16627
2019-01-23,19389,17600.375,15414
2019-01-24,19251,17039.625,14181
2019-01-25,19165,17220.25,14686
2019-01-26,19534,17143.875,15454
2019-01-27,20056,16959.791666666668,14607
2019-01-28,21049,18806.416666666668,16177
2019-01-29,20169,18138.458333333332,15616
2019-01-30,20986,18476.458333333332,15695
2019-01-31,20873,18949.708333333332,16789
2019-02-01,20500,18651.291666666668,17038
2019-02-02,18543,16987.958333333332,15435
2019-02-03,17887,15676.083333333334,13992
2019-02-04,18045,15975.291666666666,13509
2019-02-05,19309,16483.541666666668,13371
2019-02-06,19661,17649.458333333332,14505
2019-02-07,19105,17059.958333333332,14469
2019-02-08,19368,16902.041666666668,13723
2019-02-09,19008,16606.208333333332,14943
2019-02-10,18804,16371.541666666666,14624
2019-02-11,19513,17205.625,14814
2019-02-12,19849,17780.583333333332,14879
2019-02-13,19322,17185.916666666668,14581
2019-02-14,18620,16921.625,14825
2019-02-15,18436,16439.208333333332,13942
2019-02-16,17913,15777.208333333334,14243
2019-02-17,17977,15858.416666666666,14255
2019-02-18,18547,16141,14544
2019-02-19,19758,17488,15373
2019-02-20,19452,17481.458333333332,15393
2019-02-21,18679,16606.416666666668,14335
2019-02-22,18280,16436.166666666668,14423
2019-02-23,17038,15206,13872
2019-02-24,17796,15352.75,13041
2019-02-25,19505,16848.291666666668,13793
2019-02-26,19945,17480.166666666668,15269
2019-02-27,20378,18301.958333333332,15361
2019-02-28,19608,17615.166666666668,15882
2019-03-01,18526,16744.125,15257
2019-03-02,17704,16096.75,14322
2019-03-03,18456,15754.125,13983
2019-03-04,19630,17147.833333333332,14644
2019-03-05,20263,17665.166666666668,15404
2019-03-06,20168,17700.916666666668,15781
2019-03-07,19753,17443.041666666668,15683
2019-03-08,18683,16854.416666666668,15558
2019-03-09,17003,15267,14320
2019-03-10,17256,15416.75,13507
2019-03-11,18295,16185.791666666666,13602
2019-03-12,17519,15610.666666666666,14033
2019-03-13,17815,16128.416666666666,13658
2019-03-14,17115,15458.416666666666,13297
2019-03-15,17161,15291.375,12652
2019-03-16,16739,14793.791666666666,13005
2019-03-17,16989,14766.75,13517
2019-03-18,17951,15838.375,13822
2019-03-19,17519,15629.458333333334,14013
2019-03-20,17396,15242.041666666666,13565
2019-03-21,17209,15640.333333333334,13142
2019-03-22,17409,15358.791666666666,12935
2019-03-23,16049,14407.875,13369
2019-03-24,16523,14263.416666666666,12663
2019-03-25,17565,15252.875,13340
2019-03-26,17592,15483.541666666666,13904
2019-03-27,17055,15084.583333333334,13430
2019-03-28,16765,15129.666666666666,12798
2019-03-29,16487,14545.875,12697
2019-03-30,16523,14785.541666666666,12210
2019-03-31,16892,14790.541666666666,12641
2019-04-01,17645,15397.666666666666,13406
2019-04-02,16627,14995.75,13047
2019-04-03,17347,14781.5,12478
2019-04-04,17332,15222.5,13377
2019-04-05,16811,15562.5,13261
2019-04-06,15079,13703.208333333334,12573
2019-04-07,15256,13398.708333333334,11740
2019-04-08,16534,14680.458333333334,11875
2019-04-09,16727,14814.25,12170
2019-04-10,17086,14937.708333333334,12725
2019-04-11,17285,15351.916666666666,12895
2019-04-12,15957,14612,12727
2019-04-13,14715,12888.958333333334,11789
2019-04-14,16148,14051.291666666666,11727
2019-04-15,16412,14811.333333333334,12390
2019-04-16,16782,14957.708333333334,12855
2019-04-17,15574,14168.375,12534
2019-04-18,15472,14005.75,11746
2019-04-19,14451,13056.541666666666,11213
2019-04-20,14887,13345.458333333334,11079
2019-04-21,13998,12809.25,11603
2019-04-22,15891,13608.375,11603
2019-04-23,15925,13903.458333333334,11396
2019-04-24,16074,14330.666666666666,11919
2019-04-25,15942,14097.333333333334,12253
2019-04-26,15751,14329.833333333334,11714
2019-04-27,14842,13551.041666666666,11674
2019-04-28,15004,12848.208333333334,11716
2019-04-29,16936,14803,12288
2019-04-30,16318,14662.958333333334,12811
2019-05-01,16784,14990.125,12158
2019-05-02,16450,14828.375,12511
2019-05-03,15898,14613.916666666666,12436
2019-05-04,14304,13290.666666666666,11846
2019-05-05,14510,12451.541666666666,11487
2019-05-06,16015,13852.416666666666,11346
2019-05-07,15584,13854.5,11680
2019-05-08,15423,13411.708333333334,11856
2019-05-09,16033,14029,11433
2019-05-10,15597,14134.5,11684
2019-05-11,14243,12917.5,11868
2019-05-12,14911,12813.083333333334,10834
2019-05-13,16510,14870.75,11964
2019-05-14,15848,14399.625,12187
2019-05-15,15664,14089.333333333334,12004
2019-05-16,15843,13944.166666666666,11726
2019-05-17,15028,13741.166666666666,11849
2019-05-18,14145,12749.416666666666,11579
2019-05-19,14223,12329.5,10879
2019-05-20,14285,12246.083333333334,10328
2019-05-21,15848,13747.333333333334,11480
2019-05-22,15933,14032.875,11731
2019-05-23,15461,14034.625,11377
2019-05-24,15410,13948.25,11468
2019-05-25,14972,13022.916666666666,10855
2019-05-26,14807,12766.208333333334,11035
2019-05-27,15960,13986.916666666666,11200
2019-05-28,15878,14381,11403
2019-05-29,15702,14288.75,11810
2019-05-30,15811,14160.083333333334,11672
2019-05-31,15183,13888.666666666666,11743
2019-06-01,14510,13017.083333333334,11198
2019-06-02,14309,12558.125,11040
2019-06-03,15518,13525.541666666666,11056
2019-06-04,15623,14079.166666666666,11666
2019-06-05,16221,14469.458333333334,11540
2019-06-06,15995,14161.208333333334,11651
2019-06-07,16369,14355.25,11802
2019-06-08,14742,12881.5,10997
2019-06-09,15733,13067.291666666668,10564
2019-06-10,16253,14504.583333333334,11497
2019-06-11,16107,14058.666666666666,11446
2019-06-12,16247,14115.166666666666,11450
2019-06-13,15922,14366.916666666666,11621
2019-06-14,15134,13532.25,11216
2019-06-15,14570,12965.125,10869
2019-06-16,14494,12639.916666666666,10923
2019-06-17,16219,14193.291666666666,11254
2019-06-18,17520,15078.125,11991
2019-06-19,17896,15573.791666666666,12221
2019-06-20,16709,15148.958333333334,12422
2019-06-21,16065,14258.5,11512
2019-06-22,15731,13328.833333333334,11042
2019-06-23,16913,13617.333333333332,10879
2019-06-24,18193,15426.75,11838
2019-06-25,17965,15755.083333333334,12548
2019-06-26,19942,16747.541666666668,12490
2019-06-27,20248,17223.583333333332,13038
2019-06-28,19562,16998.458333333332,13344
2019-06-29,18814,16087.708333333334,13019
2019-06-30,16700,14165.583333333334,11670
2019-07-01,18384,14781.208333333332,11565
2019-07-02,20255,17181.458333333332,12970
2019-07-03,20784,17758.041666666668,13360
2019-07-04,21423,18227.708333333332,13443
2019-07-05,21716,18988.25,14433
2019-07-06,20281,17816.833333333332,14915
2019-07-07,18188,15104.833333333334,12476
2019-07-08,19650,16138.041666666668,12301
2019-07-09,20298,16727.708333333332,12865
2019-07-10,21083,17506.958333333332,12793
2019-07-11,20760,17964.833333333332,14347
2019-07-12,18250,16106.5,13060
2019-07-13,18663,15699.166666666668,12181
2019-07-14,18612,15191.541666666668,11999
2019-07-15,20406,16702.75,12387
2019-07-16,20496,17999.541666666668,13595
2019-07-17,20870,18359.25,14662
2019-07-18,20891,18080.666666666668,13855
2019-07-19,21545,19092.333333333332,14587
2019-07-20,21645,18601.25,14821
2019-07-21,20052,17045.208333333332,14140
2019-07-22,18748,16717.166666666668,13551
2019-07-23,19888,16249.458333333332,12665
2019-07-24,19394,16291.708333333332,12773
2019-07-25,20613,16991.625,12684
2019-07-26,20986,17760.958333333332,13390
2019-07-27,19698,16680,13051
2019-07-28,21027,17316.791666666668,13243
2019-07-29,21791,18729.25,14231
2019-07-30,21269,18249.166666666668,14703
2019-07-31,20497,16971.708333333332,13219
2019-08-01,20181,16421.541666666668,12684
2019-08-02,20083,16543.916666666668,12826
2019-08-03,19241,15845.083333333332,12312
2019-08-04,18278,15168,12391
2019-08-05,19620,15835.333333333332,11992
2019-08-06,20389,17518.208333333332,13375
2019-08-07,21033,17673.75,13815
2019-08-08,19194,16558,13147
2019-08-09,17691,15524.083333333334,12503
2019-08-10,16255,13968.25,11760
2019-08-11,18012,14527.208333333332,11280
2019-08-12,20422,17210.666666666668,12796
2019-08-13,21000,17535.708333333332,13717
2019-08-14,19476,16458.5,13109
2019-08-15,17884,15736.083333333334,12742
2019-08-16,19184,16268.916666666668,12904
2019-08-17,19114,15911.875,12592
2019-08-18,19335,15931.375,12762
2019-08-19,20769,17467.958333333332,13361
2019-08-20,21145,17359.041666666668,12930
2019-08-21,21354,18285.958333333332,13958
2019-08-22,18333,16074.083333333334,13204
2019-08-23,16496,14794.25,12311
2019-08-24,15685,13576.541666666666,11464
2019-08-25,16202,13581.416666666666,11310
2019-08-26,17784,15165.666666666666,11783
2019-08-27,17966,15611.333333333334,12136
2019-08-28,18748,16194.25,12850
2019-08-29,17864,15458.625,12437
2019-08-30,17123,15184,12795
2019-08-31,15281,13320.875,11465
2019-09-01,14837,13092.5,11303
2019-09-02,16417,13757.458333333334,11351
2019-09-03,17642,15070.25,11859
2019-09-04,16721,14979.25,12640
2019-09-05,16871,14621.291666666666,11884
2019-09-06,16120,14686.583333333334,12115
2019-09-07,15006,13323.291666666666,11484
2019-09-08,14974,12924.416666666666,11010
2019-09-09,16565,14069.791666666666,11179
2019-09-10,17323,14850.291666666666,11561
2019-09-11,19717,16605.833333333332,12560
2019-09-12,16493,14668.333333333334,12433
2019-09-13,16303,14307.833333333334,11365
2019-09-14,15121,13328.958333333334,11501
2019-09-15,15390,13172.416666666666,10990
2019-09-16,16665,14451.833333333334,11482
2019-09-17,17003,14521.958333333334,11869
2019-09-18,16960,14407.833333333334,11509
2019-09-19,16979,14491.125,11374
2019-09-20,17482,14862.708333333334,11533
2019-09-21,17633,14635.875,11611
2019-09-22,18803,15294.291666666668,11804
2019-09-23,17806,15914,12737
2019-09-24,16888,14632.166666666666,11993
2019-09-25,17430,14710.666666666666,11575
2019-09-26,16350,14552.75,12240
2019-09-27,15880,13970.791666666666,11551
2019-09-28,15069,13504.333333333334,11384
2019-09-29,15125,12497.208333333334,10477
2019-09-30,16711,14032.833333333334,11118
2019-10-01,18329,15446.875,11443
2019-10-02,16189,14587.625,12126
2019-10-03,16545,14338.333333333334,11275
2019-10-04,15900,14081.791666666666,11610
2019-10-05,14690,12897.375,11472
2019-10-06,15279,12959.541666666666,10739
2019-10-07,16354,14048.791666666666,11089
2019-10-08,16261,14025.916666666666,11823
2019-10-09,16055,13953.333333333334,11636
2019-10-10,16282,13833.375,11398
2019-10-11,15633,13704.75,11501
2019-10-12,14477,12921.583333333334,11067
2019-10-13,13888,12262.916666666666,10860
2019-10-14,15095,12843.916666666666,10853
2019-10-15,16233,13931.666666666666,11500
2019-10-16,16503,14624.791666666666,11414
2019-10-17,16784,14603.416666666666,11734
2019-10-18,16158,14366.375,12319
2019-10-19,14905,13186.041666666666,11849
2019-10-20,15565,13066.166666666666,11229
2019-10-21,16147,13964.708333333334,11530
2019-10-22,15989,14228.958333333334,11530
2019-10-23,16235,13909.541666666666,11458
2019-10-24,16518,14266.958333333334,11646
2019-10-25,16254,14549.5,12003
2019-10-26,14937,13105.041666666666,11760
2019-10-27,15646,13286.166666666666,11038
2019-10-28,16572,14168.958333333334,11559
2019-10-29,16678,14420.458333333334,11852
2019-10-30,16686,14850.833333333334,12054
2019-10-31,16434,14858.041666666666,12056
2019-11-01,17041,14983.25,12133
2019-11-02,15955,14251.083333333334,12090
2019-11-03,16860,13835.666666666666,11711
2019-11-04,17053,14825.125,12161
2019-11-05,17410,14861.333333333334,12068
2019-11-06,18071,15320.333333333334,12626
2019-11-07,18156,15943.166666666666,12989
2019-11-08,17818,15848.25,13382
2019-11-09,16871,14841,12926
2019-11-10,17291,14513.625,12012
2019-11-11,19070,16410.875,12954
2019-11-12,19312,17006.083333333332,14353
2019-11-13,19625,17302.916666666668,14795
2019-11-14,19119,16993.5,14478
2019-11-15,18494,16451.5,13368
2019-11-16,18193,15980.333333333334,14165
2019-11-17,18010,15245.833333333334,13585
2019-11-18,18982,16444.25,13588
2019-11-19,18679,16228.125,13556
2019-11-20,18178,15941.625,13207
2019-11-21,18075,15917.291666666666,13482
2019-11-22,18427,15821.833333333334,12763
2019-11-23,17189,15006.083333333334,13257
2019-11-24,17101,14432.083333333334,12647
2019-11-25,18411,15610.166666666666,12763
2019-11-26,17924,15327.833333333334,12529
2019-11-27,18211,15657.5,12534
2019-11-28,18591,15922.291666666666,12678
2019-11-29,18633,16528.041666666668,13841
2019-11-30,17814,15520.875,13580
2019-12-01,19160,16113.833333333332,13226
2019-12-02,19551,16976.708333333332,14147
2019-12-03,19363,16919.875,14426
2019-12-04,18939,16697.333333333332,13906
2019-12-05,19543,16863.75,13575
2019-12-06,18953,16877.041666666668,14237
2019-12-07,18474,16166.291666666666,14021
2019-12-08,17845,15231.458333333334,13161
2019-12-09,18451,15918.666666666666,12731
2019-12-10,19779,16627.291666666668,12920
2019-12-11,20297,17583.833333333332,14581
2019-12-12,19782,17635.666666666668,15230
2019-12-13,18862,16705.75,14246
2019-12-14,18239,16053.125,13498
2019-12-15,18974,15837.125,12999
2019-12-16,19721,17378.541666666668,14549
2019-12-17,19632,17228.958333333332,14320
2019-12-18,20534,17699.833333333332,14471
2019-12-19,20974,18746.208333333332,16072
2019-12-20,19907,17693.666666666668,15489
2019-12-21,18022,16126,14497
2019-12-22,16965,14862.833333333334,13219
2019-12-23,17251,14962.291666666666,12640
2019-12-24,16993,14959.75,12851
2019-12-25,15750,14125.708333333334,12526
2019-12-26,16180,14145.083333333334,12063
2019-12-27,16790,14384.583333333334,11787
2019-12-28,16671,14315.958333333334,12367
2019-12-29,17397,14671.041666666668,12280
2019-12-30,17009,15018.083333333334,12788
2019-12-31,16674,14699,12408
2020-01-01,16324,14109.791666666666,12353
2020-01-02,17621,15118.791666666666,12365
2020-01-03,17675,15399.208333333334,12570
2020-01-04,17273,15076.541666666666,12814
2020-01-05,17885,14986.708333333334,12822
2020-01-06,18680,16168.625,13454
2020-01-07,18266,16261.208333333334,13781
2020-01-08,19786,16888.208333333332,13682
2020-01-09,19758,17421.75,15115
2020-01-10,18297,16324.083333333334,13714
2020-01-11,18052,15463.958333333332,12642
2020-01-12,19012,16044.875,13387
2020-01-13,19271,17144.458333333332,14339
2020-01-14,19128,16776.208333333332,13749
2020-01-15,18667,16511.791666666668,13742
2020-01-16,19155,16720.208333333332,13913
2020-01-17,19928,17776.583333333332,15340
2020-01-18,19417,16986.833333333332,14504
2020-01-19,19032,16307.791666666666,13669
2020-01-20,19756,17575.875,14957
2020-01-21,18793,17424.75,15053
2020-01-22,19126,17018.166666666668,14546
2020-01-23,18559,16697.416666666668,14079
2020-01-24,17768,16075.375,13800
2020-01-25,17629,15608.333333333334,13151
2020-01-26,17669,15232.75,12913
2020-01-27,18772,16486.5,13591
2020-01-28,18937,16734.208333333332,13861
2020-01-29,19340,16863.958333333332,14548
2020-01-30,19160,17188.5,14918
2020-01-31,18902,17047.166666666668,14542
2020-02-01,17687,15670.333333333334,13816
2020-02-02,17696,15289.125,13239
2020-02-03,18137,15783.208333333334,13173
2020-02-04,18373,16231.625,13542
2020-02-05,19198,16576.791666666668,14082
2020-02-06,19211,17156.083333333332,14252
2020-02-07,19435,17128.083333333332,14349
2020-02-08,18890,16804.333333333332,14890
2020-02-09,18122,16272.125,14665
2020-02-10,18731,16550.25,14110
2020-02-11,18354,16215.958333333334,13758
2020-02-12,18598,16145.5,13799
2020-02-13,19232,17027.416666666668,13951
2020-02-14,19630,17764.333333333332,15735
2020-02-15,18050,16106.041666666666,14744
2020-02-16,17061,14894.708333333334,13612
2020-02-17,17684,15055.291666666666,13648
2020-02-18,18565,16416.291666666668,13529
2020-02-19,19279,16473.291666666668,13973
2020-02-20,19610,17014.541666666668,14648
2020-02-21,18020,16274.208333333334,14856
2020-02-22,16520,14612.541666666666,13548
2020-02-23,16272,13875,12732
2020-02-24,17862,15213,12683
2020-02-25,17690,15777.541666666666,13123
2020-02-26,18668,16483.916666666668,13350
2020-02-27,19013,16731.083333333332,14078
2020-02-28,18744,16822.958333333332,14522
2020-02-29,17737,15960.25,14587
2020-03-01,17684,15247.541666666666,14144
2020-03-02,17857,15807.75,13059
2020-03-03,18024,16092.375,13579
2020-03-04,18183,15659.916666666666,13261
2020-03-05,17520,15460.583333333334,13790
2020-03-06,17602,15910.125,13432
2020-03-07,16485,14723.333333333334,13772
2020-03-08,15867,13670.291666666666,12598
2020-03-09,16455,14396.833333333334,12137
2020-03-10,17179,15026.791666666666,12136
2020-03-11,17632,15736.75,13414
2020-03-12,16985,15299.583333333334,13384
2020-03-13,16944,14985,12516
2020-03-14,16345,14646.333333333334,12959
2020-03-15,16492,14117,12776
2020-03-16,17400,15346.041666666666,13471
2020-03-17,16912,15299.458333333334,13202
2020-03-18,17059,15318,13541
2020-03-19,16594,15199.25,13121
2020-03-20,16542,14474.625,12101
2020-03-21,16474,14502.875,13180
2020-03-22,16434,14270.875,13354
2020-03-23,16975,15507.375,13018
2020-03-24,16047,14590.208333333334,12737
2020-03-25,15869,14153.125,12466
2020-03-26,16051,14086.875,12024
2020-03-27,15254,13809.083333333334,12336
2020-03-28,15274,13481.875,11766
2020-03-29,14592,13035.833333333334,11132
2020-03-30,15998,13940.791666666666,11120
2020-03-31,15608,14094.708333333334,12073
2020-04-01,15186,13424.416666666666,12052
2020-04-02,14893,12957.958333333334,11676
2020-04-03,14758,13263.625,11577
2020-04-04,14189,12583.833333333334,11367
2020-04-05,14240,12380,10711
2020-04-06,14841,13019.291666666666,11442
2020-04-07,14807,13028.666666666666,11302
2020-04-08,14550,13033.333333333334,11283
2020-04-09,14454,12877.291666666666,10978
2020-04-10,14174,12249.708333333334,11095
2020-04-11,13955,12163.291666666666,11294
2020-04-12,13715,12267.75,10564
2020-04-13,14659,13053.916666666666,10578
2020-04-14,15022,13291.125,11626
2020-04-15,15350,13787.541666666666,12070
2020-04-16,15340,13660.458333333334,12135
2020-04-17,15105,13677.666666666666,12107
2020-04-18,13752,12312.083333333334,11492
2020-04-19,13942,12412.666666666666,10659
2020-04-20,14536,13007.666666666666,11755
2020-04-21,15211,13377.25,11135
2020-04-22,15099,13552.791666666666,12187
2020-04-23,15098,13471.333333333334,12182
2020-04-24,14488,13318.916666666666,11745
2020-04-25,13414,11798.583333333334,11045
2020-04-26,13801,11972,10379
2020-04-27,13973,12458.958333333334,11112
2020-04-28,13873,12598.541666666666,10832
2020-04-29,14634,12795.416666666666,10629
2020-04-30,14565,12989.5,10838
2020-05-01,13588,12151.291666666666,10554
2020-05-02,13325,11623.041666666666,10460
2020-05-03,12908,11163.291666666666,10329
2020-05-04,14187,12434.833333333334,10389
2020-05-05,14289,12764.083333333334,11415
2020-05-06,14011,12545.5,11281
2020-05-07,14304,12717.916666666666,11214
2020-05-08,14589,13135.416666666666,11437
2020-05-09,14206,12846.583333333334,11793
2020-05-10,14245,12399.708333333334,11140
2020-05-11,14577,13429.5,11189
2020-05-12,14504,13240.625,11910
2020-05-13,14080,12819.625,11852
2020-05-14,15156,13164.583333333334,11095
2020-05-15,14474,13025.166666666666,10870
2020-05-16,12834,11568.875,10665
2020-05-17,13065,11240.25,9979
2020-05-18,13158,11464.5,9831
2020-05-19,13706,12305.875,10175
2020-05-20,14083,12192.541666666666,10660
2020-05-21,14323,12525.5,10630
2020-05-22,14649,12915.583333333334,10750
2020-05-23,14457,12473.583333333334,10778
2020-05-24,15586,12762.916666666668,10262
2020-05-25,19426,15766.458333333332,11245
2020-05-26,20649,16978.125,12405
2020-05-27,19887,16784.041666666668,12518
2020-05-28,17420,15316.708333333334,12486
2020-05-29,16558,14387.375,11716
2020-05-30,13318,11991.208333333334,10621
2020-05-31,13383,11620.166666666666,10305
2020-06-01,14937,12878.75,10543
2020-06-02,16486,13948.291666666666,10938
2020-06-03,17103,14535.25,11426
2020-06-04,18328,15239.666666666668,11487
2020-06-05,19028,15699.166666666668,11939
2020-06-06,15531,13578.833333333334,11444
2020-06-07,15063,12464.333333333334,10400
2020-06-08,16956,13959.75,11022
2020-06-09,19838,15926.416666666668,11367
2020-06-10,20511,16662.666666666668,12476
2020-06-11,16711,14576.541666666666,12390
2020-06-12,14551,13261.041666666666,11555
2020-06-13,13361,11883.833333333334,10755
2020-06-14,13615,11707.041666666666,10340
2020-06-15,16124,13460.583333333334,10866
2020-06-16,17320,14289,11545
2020-06-17,19107,15244.166666666668,11654
2020-06-18,19794,16181.208333333332,11977
2020-06-19,19919,17006.791666666668,12723
2020-06-20,19957,16543.166666666668,12337
2020-06-21,19904,16616.791666666668,12097
2020-06-22,20632,17724.416666666668,13566
2020-06-23,18995,16635.375,13401
2020-06-24,15933,14304.208333333334,12071
2020-06-25,17447,14623.75,11498
2020-06-26,18850,15572.416666666668,11826
2020-06-27,18548,15440.375,12358
2020-06-28,19312,15431.791666666668,11662
2020-06-29,21292,17358.458333333332,12325
2020-06-30,20723,17246.541666666668,12970
2020-07-01,20280,16788.333333333332,12566
2020-07-02,22457,18403.916666666668,13118
2020-07-03,22522,18414.875,13655
2020-07-04,20701,16916.291666666668,12984
2020-07-05,21163,16747.708333333332,12154
2020-07-06,23191,18959.875,13776
2020-07-07,24281,19765.958333333332,14132
2020-07-08,24050,20282.416666666668,15445
2020-07-09,24446,20497.875,14996
2020-07-10,23791,20356.541666666668,15732
2020-07-11,18624,16719.5,14390
2020-07-12,18338,15431.041666666668,12281
2020-07-13,19115,16104.958333333332,12545
2020-07-14,20528,16622.416666666668,12563
2020-07-15,21617,17583.166666666668,12891
2020-07-16,19917,17399.708333333332,13691
2020-07-17,22400,18080.791666666668,13367
2020-07-18,21828,17760.208333333332,13154
2020-07-19,20234,17057.416666666668,13726
2020-07-20,20964,17666.458333333332,13613
2020-07-21,19877,16531.75,13020
2020-07-22,19972,16896.541666666668,13042
2020-07-23,20522,16998.25,13180
2020-07-24,21112,17119.291666666668,12754
2020-07-25,20810,16786.791666666668,12557
2020-07-26,22887,17803.25,12555
2020-07-27,23909,20031.333333333332,15093
2020-07-28,21402,18062.5,14298
2020-07-29,21794,17849.458333333332,13792
2020-07-30,20669,17197.916666666668,13255
2020-07-31,20811,17276.208333333332,13155
2020-08-01,19592,16407.625,12691
2020-08-02,18090,15489.833333333334,12800
2020-08-03,17511,14865,12051
2020-08-04,18616,15958.041666666666,12572
2020-08-05,17263,14878.625,12379
2020-08-06,18269,15000.875,11723
2020-08-07,19016,15711.208333333332,12104
2020-08-08,18767,15365,12094
2020-08-09,20676,16420.625,12051
2020-08-10,23823,19418.666666666668,13903
2020-08-11,21980,18658.125,14905
2020-08-12,22078,17555.333333333332,12882
2020-08-13,22323,18115.166666666668,13503
2020-08-14,21265,17587.791666666668,13359
2020-08-15,20055,16470.375,12791
2020-08-16,18221,15422.458333333334,12612
2020-08-17,18566,15959.333333333334,12499
2020-08-18,17609,15165.791666666666,12167
2020-08-19,17275,14730.083333333334,11795
2020-08-20,18444,15225.458333333332,11831
2020-08-21,20389,16603,12299
2020-08-22,20554,16611.833333333332,12744
2020-08-23,21442,17108.791666666668,12626
2020-08-24,23415,19060.916666666668,13868
2020-08-25,20750,17871.625,14356
2020-08-26,17825,15468.916666666666,12631
2020-08-27,20341,17137.416666666668,12654
2020-08-28,17988,15916.083333333334,13026
2020-08-29,16740,14690.25,12345
2020-08-30,15879,13484.125,11221
2020-08-31,17960,15019.958333333332,11663
2020-09-01,20225,16696.708333333332,12539
2020-09-02,19783,16913,13484
2020-09-03,19142,15823.208333333332,12452
2020-09-04,16311,14375.416666666666,11982
2020-09-05,14589,13154.916666666666,11488
2020-09-06,14364,12533.541666666666,11123
2020-09-07,15954,13429.916666666666,10858
2020-09-08,15993,14306.208333333334,11392
2020-09-09,16558,14685.875,11894
2020-09-10,16458,14685.458333333334,11937
2020-09-11,15447,13755.958333333334,11691
2020-09-12,14817,12890,11044
2020-09-13,15754,13482.25,11007
2020-09-14,15641,13740.5,11409
2020-09-15,15592,13720.208333333334,11476
2020-09-16,15952,13840.25,11233
2020-09-17,15629,13847.416666666666,11723
2020-09-18,15068,13390.5,11485
2020-09-19,14392,12652.916666666666,11236
2020-09-20,14532,12248.666666666666,10834
2020-09-21,15785,13590.666666666666,11192
2020-09-22,15781,13813.458333333334,11618
2020-09-23,16576,14237.125,11450
2020-09-24,16989,14513.333333333334,11673
2020-09-25,16809,14546.25,11956
2020-09-26,15705,13487.666666666666,11128
2020-09-27,16865,13777.041666666668,11033
2020-09-28,17949,15277.916666666666,11860
2020-09-29,16229,14240.375,11768
2020-09-30,15700,13775.5,11430
2020-10-01,16099,13647.583333333334,11222
2020-10-02,15704,13860.833333333334,11392
2020-10-03,14903,13091.666666666666,11384
2020-10-04,15437,13221.375,10987
2020-10-05,15789,13898.833333333334,11489
2020-10-06,15949,13761.375,11427
2020-10-07,15672,13738.625,11100
2020-10-08,16051,13939.958333333334,11535
2020-10-09,15155,13583.041666666666,11514
2020-10-10,14438,12734.458333333334,10645
2020-10-11,14192,12407.625,10809
2020-10-12,14403,12493.958333333334,10674
2020-10-13,15771,13566.333333333334,10693
2020-10-14,15843,13696,11353
2020-10-15,16513,14381.791666666666,11291
2020-10-16,16102,13912.041666666666,11642
2020-10-17,14900,12976.041666666666,11546
2020-10-18,15297,13124.083333333334,10806
2020-10-19,16947,14772.291666666666,11655
2020-10-20,16435,14401.333333333334,12124
2020-10-21,16347,14492.916666666666,11600
2020-10-22,16374,14569.916666666666,11884
2020-10-23,15762,13710.916666666666,11469
2020-10-24,15702,13482.583333333334,11170
2020-10-25,16261,13677.958333333334,11564
2020-10-26,17527,15301.375,12037
2020-10-27,17679,15362.041666666666,12547
2020-10-28,16837,14721.625,12463
2020-10-29,17199,15063.541666666666,12342
2020-10-30,17430,15193.125,12581
2020-10-31,15792,14022.666666666666,12190
2020-11-01,16808,13873.333333333334,11240
2020-11-02,18084,15170.791666666666,12309
2020-11-03,17614,15272,12659
2020-11-04,16527,14222.083333333334,12251
2020-11-05,16659,14160.75,11635
2020-11-06,15839,13855.5,11691
2020-11-07,15177,12928,11158
2020-11-08,15627,12719.625,10808
2020-11-09,16728,13786.541666666666,11050
2020-11-10,16575,13913.25,11249
2020-11-11,16902,14025.083333333334,11335
2020-11-12,17264,14476.791666666666,12024
2020-11-13,17275,14954.333333333334,12468
2020-11-14,16526,13867.041666666666,12087
2020-11-15,16072,13894.541666666666,11475
2020-11-16,18131,15087.916666666666,11760
2020-11-17,18601,15598.833333333334,12678
2020-11-18,18776,16102,13690
2020-11-19,17244,15077.458333333334,12868
2020-11-20,16490,14277.416666666666,11734
2020-11-21,17252,14373.583333333334,11762
2020-11-22,18064,14905.458333333332,12127
2020-11-23,18654,15840.791666666666,12798
2020-11-24,19147,16242.083333333334,13340
2020-11-25,18616,16108.208333333334,13389
2020-11-26,17881,15366.666666666666,12619
2020-11-27,17557,15243.666666666666,12303
2020-11-28,16527,13989.541666666666,12128
2020-11-29,16803,13775.666666666666,11802
2020-11-30,18615,15600.708333333332,12186
2020-12-01,18946,16167.916666666666,12938
2020-12-02,18601,15735.375,12991
2020-12-03,18272,15577.791666666666,12729
2020-12-04,18549,15902.125,12635
2020-12-05,18135,15226.125,12516
2020-12-06,18583,15265.166666666666,12917
2020-12-07,19389,16372.625,13444
2020-12-08,19204,16439.75,13993
2020-12-09,18987,16361.875,13384
2020-12-10,18794,16028.958333333334,13247
2020-12-11,18262,15644.958333333334,12916
2020-12-12,17748,15110.291666666666,12434
2020-12-13,18663,15349.791666666668,12389
2020-12-14,19223,16416.75,13274
2020-12-15,20319,17101.166666666668,13994
2020-12-16,20738,17750,14500
2020-12-17,20168,17474.25,14716
2020-12-18,19485,16980.958333333332,14797
2020-12-19,18657,16103.291666666666,13578
2020-12-20,17991,15450.875,13224
2020-12-21,18896,16196.458333333334,13117
2020-12-22,19013,16255.958333333334,13329
2020-12-23,18296,15910.333333333334,13557
2020-12-24,17701,15019,12407
2020-12-25,17223,14770.708333333334,12452
2020-12-26,17803,15041.875,12632
2020-12-27,17700,15026.75,13034
2020-12-28,18154,15267.041666666666,12661
2020-12-29,19086,15813.666666666666,13472
2020-12-30,18224,15741.041666666666,13263
2020-12-31,17818,15250.125,12901
2021-01-01,17120,14735.208333333334,12798
2021-01-02,17860,15133.875,13140
2021-01-03,18098,15217.666666666666,12802
2021-01-04,19160,16260.75,13121
2021-01-05,19275,16516.583333333332,13530
2021-01-06,19369,16495.208333333332,13857
2021-01-07,19178,16433.666666666668,13702
2021-01-08,19084,16817.958333333332,14434
2021-01-09,18157,15734.125,14014
2021-01-10,18461,15656.166666666666,13504
2021-01-11,19114,16483.458333333332,13710
2021-01-12,19426,16745.708333333332,13750
2021-01-13,18678,16255,13609
2021-01-14,18487,16006.458333333334,13444
2021-01-15,18502,15812.333333333334,13032
2021-01-16,17659,15246.125,13289
2021-01-17,18286,15231.666666666666,13038
2021-01-18,18981,16413.666666666668,13623
2021-01-19,18944,16478.625,13843
2021-01-20,19243,16751.291666666668,14009
2021-01-21,18743,16238.333333333334,13811
2021-01-22,18873,16537.458333333332,13730
2021-01-23,19264,16388.708333333332,14221
2021-01-24,18945,16214.333333333334,14338
2021-01-25,19099,16778.416666666668,14109
2021-01-26,19639,17058.75,14080
2021-01-27,19651,16960.625,14466
2021-01-28,20150,17355.208333333332,14730
2021-01-29,19792,17574.5,15473
2021-01-30,18889,16613.375,15148
2021-01-31,18885,16236.333333333334,14242
2021-02-01,19825,17292.5,14733
2021-02-02,19005,16882.541666666668,14640
2021-02-03,19047,16588.333333333332,14261
2021-02-04,18626,16271.541666666666,14446
2021-02-05,19121,16813.25,14030
2021-02-06,19023,16383.791666666666,14253
2021-02-07,19549,16430.25,14405
2021-02-08,20318,17772.208333333332,15265
2021-02-09,19902,17592.541666666668,15484
2021-02-10,20185,17600,15172
2021-02-11,19984,17445.125,15252
2021-02-12,20212,18001.25,15454
2021-02-13,19775,17417.625,15485
2021-02-14,18808,16418.458333333332,15408
2021-02-15,18719,16372.583333333334,14552
2021-02-16,19976,17714.041666666668,14852
2021-02-17,19934,17782.333333333332,15813
2021-02-18,19717,17588.375,15116
2021-02-19,18971,17302.291666666668,15254
2021-02-20,18221,16108.791666666666,14557
2021-02-21,18256,15708.791666666666,14306
2021-02-22,18762,16579.791666666668,13818
2021-02-23,18068,16164.833333333334,13744
2021-02-24,18007,15854.375,13734
2021-02-25,18544,16104,13903
2021-02-26,17597,15824.041666666666,14308
2021-02-27,17040,15161.416666666666,13272
2021-02-28,17060,14871.708333333334,13200
2021-03-01,19344,16137.75,12620
2021-03-02,18979,16855.125,15158
2021-03-03,18260,16045.375,13861
2021-03-04,18972,16035.25,13852
2021-03-05,18311,16261.958333333334,14621
2021-03-06,18029,15723.083333333334,14158
2021-03-07,18192,15415.291666666666,14103
2021-03-08,18083,16049.291666666666,14312
2021-03-09,17126,15188.791666666666,13653
2021-03-10,16778,14625.083333333334,12838
2021-03-11,16526,14353.708333333334,11901
2021-03-12,17367,14717.75,12864
2021-03-13,16490,14617,13615
2021-03-14,17274,14299.541666666666,12838
2021-03-15,17880,15901.791666666666,14000
2021-03-16,17659,15953.708333333334,13696
2021-03-17,17076,15339.625,13584
2021-03-18,16972,15276.625,12750
2021-03-19,17037,15162.541666666666,13570
2021-03-20,15238,13839.583333333334,12714
2021-03-21,14997,13148.625,12097
2021-03-22,16118,14058.458333333334,12096
2021-03-23,15850,14112.5,12157
2021-03-24,15556,14021.583333333334,11808
2021-03-25,15796,13889.916666666666,11691
2021-03-26,16473,14731.291666666666,11659
2021-03-27,15168,13920,12352
2021-03-28,15573,13863.125,11733
2021-03-29,16470,14589.25,12542
2021-03-30,15557,13922.666666666666,12381
2021-03-31,16265,14514.791666666666,11733
2021-04-01,16486,14788.5,12590
2021-04-02,15376,13634.458333333334,12572
2021-04-03,14972,13450.125,12432
2021-04-04,14282,12731.125,11884
2021-04-05,15557,13751.208333333334,11757
2021-04-06,15450,13742.458333333334,12011
2021-04-07,14767,13359.583333333334,11760
2021-04-08,15161,13195.125,11257
2021-04-09,14484,13241.625,11182
2021-04-10,13854,12262.25,10976
2021-04-11,14665,12596.416666666666,10498
2021-04-12,15587,14016.708333333334,11266
2021-04-13,15242,13629.458333333334,11772
2021-04-14,14998,13409.791666666666,11594
2021-04-15,15775,14307.083333333334,12042
2021-04-16,15811,14243.958333333334,11846
2021-04-17,14350,13085.333333333334,11843
2021-04-18,14254,12624.083333333334,11354
2021-04-19,15302,13456.375,11408
2021-04-20,16644,14530.375,11819
2021-04-21,16552,14988.833333333334,12837
2021-04-22,16401,14597.791666666666,12875
2021-04-23,14608,13442.875,12068
2021-04-24,13981,12598.916666666666,11473
2021-04-25,14929,12778.25,10954
2021-04-26,15368,13903.875,12274
2021-04-27,15202,13668.625,11882
2021-04-28,15453,13843.166666666666,11553
2021-04-29,15501,14140.958333333334,11819
2021-04-30,14919,13546.083333333334,11429
2021-05-01,14251,12739.291666666666,11693
2021-05-02,14017,12420.375,11049
2021-05-03,15882,13858.791666666666,10984
2021-05-04,15544,14008.833333333334,11829
2021-05-05,15450,13886.291666666666,11726
2021-05-06,15135,13552.166666666666,11960
2021-05-07,14776,13629.833333333334,11970
2021-05-08,14055,12663.083333333334,11333
2021-05-09,14203,12398.916666666666,11284
2021-05-10,14962,13401.375,11523
2021-05-11,15567,13709.583333333334,11631
2021-05-12,14522,13114.958333333334,11854
2021-05-13,14546,13149.083333333334,11384
2021-05-14,14290,12957.125,11398
2021-05-15,13720,12238.666666666666,10906
2021-05-16,14098,12278.583333333334,10782
2021-05-17,15373,13484.041666666666,11171
2021-05-18,16194,13881.333333333334,11350
2021-05-19,17332,14667.125,11673
2021-05-20,18622,15478.5,12029
2021-05-21,19243,16017.208333333332,11939
2021-05-22,17081,14970.208333333334,12305
2021-05-23,15588,13629.291666666666,11454
2021-05-24,15164,12611.958333333334,10822
2021-05-25,19443,15489.083333333332,11042
2021-05-26,17433,15415.625,12435
2021-05-27,14956,13419.625,11467
2021-05-28,15257,13621.416666666666,11189
2021-05-29,13762,12220.625,11072
2021-05-30,13767,12009.583333333334,10792
2021-05-31,15392,13341.291666666666,11095
2021-06-01,16372,13970.208333333334,11378
2021-06-02,16996,14398.166666666666,11570
2021-06-03,16955,14806.375,12095
2021-06-04,17997,15131.291666666666,11927
2021-06-05,18753,15430.708333333332,11776
2021-06-06,20556,16457.583333333332,12114
2021-06-07,21340,18107.375,13341
2021-06-08,20475,17868.5,14274
2021-06-09,21157,18064.166666666668,13585
2021-06-10,18975,16113.375,13120
2021-06-11,18394,15630.583333333334,12443
2021-06-12,17880,14825,11971
2021-06-13,18165,15095.541666666668,11940
2021-06-14,16862,14905.625,12020
2021-06-15,16013,14142.125,11965
2021-06-16,15727,13715.291666666666,11416
2021-06-17,17066,14317.75,11304
2021-06-18,16760,14768.625,11741
2021-06-19,16631,14680.791666666666,11802
2021-06-20,18524,14782.75,11332
2021-06-21,18860,15922.208333333334,12416
2021-06-22,15211,13749.833333333334,11722
2021-06-23,16075,14003.875,11478
2021-06-24,18385,15250.458333333332,11594
2021-06-25,17681,15540.708333333334,12787
2021-06-26,17868,15350.375,12429
2021-06-27,20904,16866.208333333332,12403
2021-06-28,22258,19149.208333333332,14382
2021-06-29,21711,18530.958333333332,14513
2021-06-30,20377,17694.083333333332,14043
2021-07-01,17243,15184.75,12671
2021-07-02,15582,13856.458333333334,11592
2021-07-03,16209,13559.333333333332,11108
2021-07-04,18016,14502.875,11219
2021-07-05,20952,17117.666666666668,12259
2021-07-06,21655,18604.208333333332,13927
2021-07-07,17849,16068.041666666666,13175
2021-07-08,16498,14866.708333333334,12135
2021-07-09,15827,14390.75,11998
2021-07-10,16289,13625.125,11228
2021-07-11,15574,13548.416666666666,11213
2021-07-12,18604,15770.083333333332,12030
2021-07-13,20748,17153.125,12940
2021-07-14,21368,17765.083333333332,13484
2021-07-15,20971,17628.25,13497
2021-07-16,18338,16139.541666666666,13208
2021-07-17,15997,14327.625,12088
2021-07-18,19507,15381.625,11640
2021-07-19,20849,17562.541666666668,12660
2021-07-20,20756,17315.75,13668
2021-07-21,18369,15438.041666666666,12367
2021-07-22,18191,15361.333333333332,11986
2021-07-23,18896,15711.875,12171
2021-07-24,16683,14657.5,11921
2021-07-25,19828,16011.833333333332,12271
2021-07-26,20804,17382.25,12659
2021-07-27,19053,16318.791666666666,12922
2021-07-28,19391,16096.791666666668,12538
2021-07-29,18929,16131.25,12386
2021-07-30,15994,14318.291666666666,12035
2021-07-31,14978,13055.875,11143
2021-08-01,14693,13007.75,11172
2021-08-02,16353,13300.125,10853
2021-08-03,18885,15375.291666666668,11348
2021-08-04,20347,16452.916666666668,12445
2021-08-05,20846,16966,12709
2021-08-06,20528,17240.375,12990
2021-08-07,19009,16398.083333333332,13194
2021-08-08,19610,16412.75,12602
2021-08-09,22428,18840.125,13938
2021-08-10,21279,18907.458333333332,15193
2021-08-11,22042,18904.375,14612
2021-08-12,21734,18640.416666666668,14551
2021-08-13,21375,18551.666666666668,14698
2021-08-14,16990,14712.958333333334,12537
2021-08-15,17378,13997.75,11464
2021-08-16,18271,15678.083333333332,12026
2021-08-17,21009,17490.416666666668,13061
2021-08-18,21055,17929.25,13901
2021-08-19,21788,18535.083333333332,14105
2021-08-20,21569,18448.458333333332,13947
2021-08-21,21186,17965.875,14112
2021-08-22,21228,17796.458333333332,13492
2021-08-23,22309,19186.916666666668,14541
2021-08-24,22986,19233.041666666668,14262
2021-08-25,22360,19519.291666666668,14987
2021-08-26,22740,19609.541666666668,15295
2021-08-27,20167,17394.625,14377
2021-08-28,20325,16772.375,13093
2021-08-29,21930,17659.666666666668,13328
2021-08-30,21576,18248,14344
2021-08-31,19389,16512.833333333332,13136
2021-09-01,17759,15189.833333333334,12443
2021-09-02,16803,14686.541666666666,12014
2021-09-03,16621,14691.583333333334,12038
2021-09-04,16476,14109.166666666666,11915
2021-09-05,16867,14462.5,12276
2021-09-06,16216,13791.916666666666,11611
2021-09-07,18615,15199.625,11719
2021-09-08,18045,15634.583333333334,12737
2021-09-09,16782,14830.625,12233
2021-09-10,16467,14441.333333333334,11928
2021-09-11,15971,13732.208333333334,11233
2021-09-12,16911,14465.5,12007
2021-09-13,17022,14854.833333333334,11973
2021-09-14,18662,15494.833333333332,12053
2021-09-15,17291,15205.541666666666,12710
2021-09-16,17620,14919.583333333334,12028
2021-09-17,18769,15605.75,12153
2021-09-18,16432,14148.375,12046
2021-09-19,15956,13056.625,10824
2021-09-20,17525,14714.25,11189
2021-09-21,17978,15663.041666666666,12399
2021-09-22,16323,14633.75,12228
2021-09-23,16119,14239.541666666666,11653
2021-09-24,15446,13661.833333333334,11261
2021-09-25,14662,12744.416666666666,10600
2021-09-26,14724,12449.125,10426
2021-09-27,16877,14256.125,10873
2021-09-28,16194,13918.333333333334,11717
2021-09-29,16238,14102.833333333334,11691
2021-09-30,16224,13971.5,11562
2021-10-01,15781,13955.083333333334,11910
2021-10-02,15635,13572.041666666666,11027
2021-10-03,16240,13905.041666666666,11319
2021-10-04,16599,14581.125,11604
2021-10-05,16628,14590.5,11847
2021-10-06,16662,14528.625,11753
2021-10-07,16968,14803.708333333334,11704
2021-10-08,16367,14646.208333333334,11784
2021-10-09,15905,13941.833333333334,11690
2021-10-10,15054,13330,11154
2021-10-11,15790,13349.625,10831
2021-10-12,17312,14621.25,11136
2021-10-13,17280,14974.666666666666,11760
2021-10-14,16966,14846.666666666666,11819
2021-10-15,16630,14823.958333333334,12015
2021-10-16,14898,13290.208333333334,11487
2021-10-17,15303,12853.666666666666,10779
2021-10-18,16450,13953.791666666666,11440
2021-10-19,16165,13952.958333333334,11526
2021-10-20,16359,14100.375,11416
2021-10-21,16042,14349.958333333334,11600
2021-10-22,16169,14337.041666666666,11720
2021-10-23,15435,13539.25,11712
2021-10-24,15514,13212.458333333334,11474
2021-10-25,16871,14746.958333333334,11507
2021-10-26,16997,15025.458333333334,12147
2021-10-27,16252,14449.541666666666,12263
2021-10-28,16215,14246,11792
2021-10-29,15982,14357.458333333334,11988
2021-10-30,15986,14066.125,11761
2021-10-31,15106,13220.916666666666,11543
2021-11-01,17328,14489.625,11605
2021-11-02,17175,15086.125,12528
2021-11-03,17639,15355.125,12829
2021-11-04,17598,15595.625,13156
2021-11-05,16755,14908.25,12993
2021-11-06,15765,13799.583333333334,12407
2021-11-07,16158,13509.083333333334,11783
2021-11-08,16727,14253.916666666666,11931
2021-11-09,17471,14818.666666666666,12083
2021-11-10,17509,14781.5,12366
2021-11-11,17236,14888.583333333334,12213
2021-11-12,16674,14481.041666666666,12234
2021-11-13,16501,14237.083333333334,12211
2021-11-14,17800,14714,12107
2021-11-15,18649,15642.25,12838
2021-11-16,18454,15669.75,13049
2021-11-17,17936,15548.583333333334,12876
2021-11-18,17553,15124.041666666666,12332
2021-11-19,18048,15476.166666666666,12821
2021-11-20,17073,14729.291666666666,12783
2021-11-21,17007,14345.5,12447
2021-11-22,19055,15616,12453
2021-11-23,18720,16087.875,13512
2021-11-24,18256,15649.791666666666,13436
2021-11-25,18424,15953.5,12832
2021-11-26,18674,16244.875,12947
2021-11-27,18463,15924.166666666666,13942
2021-11-28,18527,16017.083333333334,13683
2021-11-29,19644,16841.958333333332,13910
2021-11-30,19254,16736.041666666668,13943
2021-12-01,18832,16372.708333333334,14067
2021-12-02,18353,15913.708333333334,12973
2021-12-03,19323,16601.916666666668,13934
2021-12-04,18198,15607.958333333334,13483
2021-12-05,18736,15872.75,13451
2021-12-06,19269,16497.083333333332,13377
2021-12-07,20455,17534.791666666668,14259
2021-12-08,20284,17843.083333333332,15004
2021-12-09,19527,17583.833333333332,14762
2021-12-10,18658,16576,13978
2021-12-11,16816,14945.041666666666,13143
2021-12-12,17396,14559.5,12815
2021-12-13,18317,15505.125,12855
2021-12-14,18700,15913.75,13692
2021-12-15,18594,16235.125,13226
2021-12-16,17343,15301.75,12633
2021-12-17,18606,15855.375,12991
2021-12-18,18823,16221.666666666666,13287
2021-12-19,19272,16204.833333333334,13689
2021-12-20,19140,16703.291666666668,14241
2021-12-21,19204,16464,13777
2021-12-22,19511,16769.291666666668,13460
2021-12-23,19023,17146,14868
2021-12-24,17177,15591.958333333334,13989
2021-12-25,16078,14390.208333333334,12583
2021-12-26,16873,14505.958333333334,12517
2021-12-27,18497,15816.333333333334,13092
2021-12-28,18182,15659.541666666666,13380
2021-12-29,18522,15733.666666666666,13278
2021-12-30,18162,15618.625,13069
2021-12-31,17372,15085.666666666666,13056
2022-01-01,16955,14512.25,12491
2022-01-02,18923,15963.666666666668,13292
2022-01-03,20051,17275.708333333332,14920
2022-01-04,19409,16883.208333333332,14617
2022-01-05,19339,16690.916666666668,13752
2022-01-06,20257,17348.708333333332,14404
2022-01-07,20513,17734.5,14983
2022-01-08,19331,16972.625,15675
2022-01-09,18595,16147.208333333334,14022
2022-01-10,20614,17855.291666666668,14901
2022-01-11,21250,18931.541666666668,16491
2022-01-12,20101,17735.916666666668,15131
2022-01-13,19635,17478.458333333332,14611
2022-01-14,20343,17659.333333333332,14791
2022-01-15,20762,18233.041666666668,16271
2022-01-16,19952,17308.625,15892
2022-01-17,19172,17178.916666666668,14591
2022-01-18,19821,17448.875,14588
2022-01-19,19663,17330.25,14972
2022-01-20,21349,18500.25,15796
2022-01-21,20785,18832.75,16937
2022-01-22,19717,17694.333333333332,16229
2022-01-23,20287,17327.083333333332,15132
2022-01-24,21261,18853.416666666668,16061
2022-01-25,21000,18387.208333333332,15826
2022-01-26,20770,18778.958333333332,16455
2022-01-27,20296,18324.958333333332,15806
2022-01-28,20914,18412.125,15568
2022-01-29,20270,18075.958333333332,16365
2022-01-30,19754,17489.416666666668,15764
2022-01-31,20093,17859,15508
2022-02-01,19183,17017.625,14972
2022-02-02,19598,17363.791666666668,14454
2022-02-03,20435,17886.125,14972
2022-02-04,20585,18629.666666666668,16094
2022-02-05,19679,17627.5,15843
2022-02-06,18952,16715.041666666668,15085
2022-02-07,19458,17175.583333333332,14417
2022-02-08,19384,16907.5,14533
2022-02-09,18874,16433.541666666668,14209
2022-02-10,19431,16752.166666666668,13796
2022-02-11,18815,16766.375,13961
2022-02-12,19509,16584.541666666668,13761
2022-02-13,20272,17488.833333333332,15678
2022-02-14,20918,18348.875,16258
2022-02-15,20188,17823.125,16068
2022-02-16,18583,16702.583333333332,14900
2022-02-17,19525,17084.833333333332,13879
2022-02-18,19277,17482.375,15259
2022-02-19,19470,16754.625,14799
2022-02-20,17474,15815.916666666666,14750
2022-02-21,17654,15465.791666666666,13824
2022-02-22,19080,16922.166666666668,13991
2022-02-23,20059,17218.75,13964
2022-02-24,19861,17554.75,15688
2022-02-25,19878,18098.375,15470
2022-02-26,18182,16556.041666666668,15138
2022-02-27,18662,16012.458333333334,14061
2022-02-28,19996,17466.625,15298
2022-03-01,18818,17200.916666666668,15105
2022-03-02,19307,16713.5,14664
2022-03-03,19763,17140.666666666668,14617
2022-03-04,18664,16868.083333333332,15421
2022-03-05,17733,15607.375,14216
2022-03-06,16875,14315.5,12903
2022-03-07,18919,16770.541666666668,13494
2022-03-08,18690,16495.833333333332,14368
2022-03-09,18124,16189.916666666666,14177
2022-03-10,18326,16080.958333333334,14108
2022-03-11,18874,16963.291666666668,14307
2022-03-12,18159,15997.25,13876
2022-03-13,18143,16211.791666666666,14603
2022-03-14,17985,16302.833333333334,14534
2022-03-15,17887,16470.875,13947
2022-03-16,17338,15785.75,13917
2022-03-17,16353,14797.208333333334,13438
2022-03-18,16541,14949.291666666666,12724
2022-03-19,16344,14702.458333333334,12285
2022-03-20,16207,14080.958333333334,12600
2022-03-21,16933,14985.875,13107
2022-03-22,16982,15278.041666666666,13424
2022-03-23,18107,16045.375,13125
2022-03-24,16940,15569.916666666666,13292
2022-03-25,16993,15527.291666666666,12857
2022-03-26,16024,14749.208333333334,12793
2022-03-27,17612,15321.333333333334,12993
2022-03-28,19011,16896.958333333332,14648
2022-03-29,18071,16363.916666666666,14858
2022-03-30,18162,16634.666666666668,14077
2022-03-31,16784,15350.541666666666,13341
2022-04-01,17251,15679.75,13296
2022-04-02,16022,14559.833333333334,13608
2022-04-03,16321,14550.125,12830
2022-04-04,17077,15293.25,13310
2022-04-05,16315,14776.416666666666,12923
2022-04-06,16308,14597.875,12366
2022-04-07,16254,14627.5,12225
2022-04-08,16094,14705.375,12699
2022-04-09,15716,14238.708333333334,12688
2022-04-10,15508,13736.333333333334,12358
2022-04-11,16430,14501.916666666666,12446
2022-04-12,15422,13868.583333333334,12360
2022-04-13,15731,14190.875,11572
2022-04-14,15146,13622.25,11481
2022-04-15,14288,12900.416666666666,11518
2022-04-16,15103,13305.25,11954
2022-04-17,14924,13352.208333333334,12048
2022-04-18,17256,14854.208333333334,12507
2022-04-19,16953,15412.458333333334,13165
2022-04-20,16269,14660.25,13257
2022-04-21,16360,14779.5,12642
2022-04-22,15576,14107,12425
2022-04-23,14834,13518.875,11992
2022-04-24,14414,12629.458333333334,11717
2022-04-25,16108,14340.791666666666,11430
2022-04-26,16334,14621.708333333334,12174
2022-04-27,17060,15056.166666666666,12722
2022-04-28,16069,14445.875,13227
2022-04-29,15277,13958.708333333334,12606
2022-04-30,14250,12818.625,11759
2022-05-01,15045,12949.375,11176
2022-05-02,16233,14598.875,11717
2022-05-03,16376,14448.125,12068
2022-05-04,15465,13976.083333333334,11756
2022-05-05,15759,13776.708333333334,11957
2022-05-06,14808,13487.208333333334,11888
2022-05-07,14177,12351.625,11207
2022-05-08,14222,12336.333333333334,11338
2022-05-09,15228,13509.541666666666,11342
2022-05-10,15459,13693.625,11485
2022-05-11,16364,14161.583333333334,11676
2022-05-12,17078,14550.666666666666,12059
2022-05-13,17700,14835.291666666668,11239
2022-05-14,17663,14945.25,12137
2022-05-15,18462,15021.833333333332,12120
2022-05-16,16042,14678.125,12511
2022-05-17,15778,13803.333333333334,11466
2022-05-18,15522,13940.583333333334,11745
2022-05-19,16073,14398.083333333334,11956
2022-05-20,16207,14210.166666666666,11742
2022-05-21,16303,13606.291666666666,12003
2022-05-22,13304,12119.708333333334,10485
2022-05-23,14035,12124.25,10666
2022-05-24,15317,13607.125,11359
2022-05-25,15578,13758,11481
2022-05-26,17080,14822.833333333334,11711
2022-05-27,16771,14920.291666666666,12301
2022-05-28,15518,13481.583333333334,11528
2022-05-29,16798,13834.75,11337
2022-05-30,20335,16429.416666666668,11887
2022-05-31,21292,17869.75,13224
2022-06-01,18513,16569.458333333332,13465
2022-06-02,16164,14549.958333333334,12057
2022-06-03,15815,14254.75,11942
2022-06-04,14249,12692.083333333334,11121
2022-06-05,14752,12788.041666666666,10627
2022-06-06,16685,14392.5,11244
2022-06-07,16139,14577.041666666666,11791
2022-06-08,16612,14358.5,11791
2022-06-09,15924,14184.375,11755
2022-06-10,16043,14052.708333333334,11543
2022-06-11,15235,13327.458333333334,11175
2022-06-12,16060,13640.458333333334,10983
2022-06-13,17127,14625.833333333334,11524
2022-06-14,19134,15695.708333333332,12159
2022-06-15,19919,16488.541666666668,12366
2022-06-16,21500,18041.375,13163
2022-06-17,18052,15823.958333333334,12594
2022-06-18,14262,12461.041666666666,11086
2022-06-19,14973,12647.375,10726
2022-06-20,17046,14688.916666666666,11469
2022-06-21,21204,17214.625,12098
2022-06-22,21954,18828.875,14266
2022-06-23,20636,17195.958333333332,13314
2022-06-24,20715,17035.166666666668,12925
2022-06-25,20655,17070.041666666668,12954
2022-06-26,20601,16768.625,12915
2022-06-27,17120,15299.208333333334,13182
2022-06-28,18009,14917.666666666668,11952
2022-06-29,17484,15273.208333333334,12222
2022-06-30,19353,15947.291666666668,12280
2022-07-01,17956,15385.791666666666,12467
2022-07-02,17681,14689.291666666668,11627
2022-07-03,18057,14398.583333333332,11449
2022-07-04,18896,16005.416666666668,12152
2022-07-05,19299,16362.916666666666,12918
2022-07-06,18217,15846.333333333334,12905
2022-07-07,19476,16131.708333333332,12297
2022-07-08,18957,16234.625,12708
2022-07-09,16926,14033.25,11647
2022-07-10,18820,14893,11681
2022-07-11,20695,17016.5,12668
2022-07-12,20216,17617.041666666668,14296
2022-07-13,18215,16245.125,13273
2022-07-14,19398,16209.791666666668,12689
2022-07-15,19317,16323.875,12794
2022-07-16,19999,16367.583333333332,12832
2022-07-17,19925,16514.333333333332,12628
2022-07-18,21092,17891.083333333332,14192
2022-07-19,22607,18972.875,13770
2022-07-20,21850,19428.833333333332,15497
2022-07-21,21379,18774.375,14873
2022-07-22,21367,18461.541666666668,14166
2022-07-23,21423,18194.541666666668,14041
2022-07-24,20620,17180.958333333332,13945
2022-07-25,18382,16360.833333333334,13772
2022-07-26,19326,16168.916666666668,12845
2022-07-27,20071,16924.416666666668,13158
2022-07-28,20645,17716.458333333332,13953
2022-07-29,19431,16581.666666666668,13139
2022-07-30,18499,15493.958333333332,12625
2022-07-31,19509,15892,12510
2022-08-01,19859,16517.75,12665
2022-08-02,20561,17214.875,13796
2022-08-03,20934,16990.25,12672
2022-08-04,20957,18297.541666666668,14234
2022-08-05,21312,18255.083333333332,13988
2022-08-06,21761,18416.666666666668,13918
2022-08-07,21778,19048.666666666668,15144
2022-08-08,21560,19167.333333333332,15752
2022-08-09,18368,16500.958333333332,13778
2022-08-10,20463,16836.958333333332,12936
2022-08-11,18748,16262.458333333334,13244
2022-08-12,18581,15700.375,12523
2022-08-13,17352,14767.208333333334,12287
2022-08-14,17828,14927.583333333332,12041
2022-08-15,19995,16471.583333333332,12700
2022-08-16,19956,16940.458333333332,13246
2022-08-17,19856,16891.875,13090
2022-08-18,20772,17271.5,13153
2022-08-19,20365,17423,13509
2022-08-20,20546,16971,13215
2022-08-21,19165,16347.208333333332,13383
2022-08-22,19893,17200.541666666668,13463
2022-08-23,21075,17563.166666666668,13527
2022-08-24,21368,17750.541666666668,13532
2022-08-25,20076,17223,13857
2022-08-26,19210,16747.375,13798
2022-08-27,17343,14553.708333333334,12459
2022-08-28,19834,15589.041666666668,11830
2022-08-29,21871,18610.083333333332,13569
2022-08-30,19787,17497.875,14580
2022-08-31,18728,16054.916666666668,12874
2022-09-01,18504,15568.583333333334,12824
2022-09-02,20188,16586.041666666668,12862
2022-09-03,20350,16741.083333333332,12997
2022-09-04,15360,14484.458333333334,12933
2022-09-05,16155,13895.708333333334,11811
2022-09-06,18321,15445.375,11925
2022-09-07,18941,15852,12506
2022-09-08,19731,16307.416666666668,12815
2022-09-09,19921,16450.916666666668,12829
2022-09-10,19178,16189.583333333332,12979
2022-09-11,18177,15502.541666666668,12787
2022-09-12,18846,16337.125,13081
2022-09-13,17233,15296.916666666666,12787
2022-09-14,17718,15189.541666666666,12195
2022-09-15,16474,14346.666666666666,11935
2022-09-16,17150,15019.333333333334,11896
2022-09-17,16978,14402.125,12073
2022-09-18,17771,15009.333333333332,11960
2022-09-19,18772,16000.875,12511
2022-09-20,18350,15486.75,12019
2022-09-21,18873,15784.916666666668,12206
2022-09-22,15584,14027,11917
2022-09-23,15500,13724.833333333334,11731
2022-09-24,15015,13083.333333333334,11418
2022-09-25,15345,13239.375,11082
2022-09-26,16085,14025.25,11283
2022-09-27,16330,14294.75,11643
2022-09-28,16184,14247.916666666666,11818
2022-09-29,16083,14058.166666666666,11902
2022-09-30,15790,13989.416666666666,12178
2022-10-01,14826,13192.708333333334,11726
2022-10-02,15140,12780.375,11164
2022-10-03,16502,14146.916666666666,11693
2022-10-04,16383,14287.458333333334,12004
2022-10-05,16624,14337.958333333334,12065
2022-10-06,16375,14458.208333333334,12181
2022-10-07,16303,14312.5,11818
2022-10-08,15123,13568.625,12071
2022-10-09,14595,13157.666666666666,11440
2022-10-10,15166,12834.75,11393
2022-10-11,16011,13913.708333333334,11421
2022-10-12,16289,14286.208333333334,11757
2022-10-13,16277,14475.666666666666,12098
2022-10-14,15443,13862.416666666666,11966
2022-10-15,15082,13264.791666666666,11416
2022-10-16,15329,13279.833333333334,11526
2022-10-17,16655,14615.916666666666,11547
2022-10-18,17128,14960.875,12124
2022-10-19,17294,15128.708333333334,12529
2022-10-20,17254,15344.458333333334,12748
2022-10-21,15642,13952.375,12070
2022-10-22,14349,12617.625,11217
2022-10-23,15004,12609.458333333334,10820
2022-10-24,15954,13888.625,11207
2022-10-25,16167,14161.791666666666,11451
2022-10-26,16246,14398.416666666666,11804
2022-10-27,16592,14353.125,11779
2022-10-28,16400,14475.541666666666,12152
2022-10-29,15323,13560.25,12263
2022-10-30,16101,13511.25,11857
2022-10-31,16590,14935.416666666666,12303
2022-11-01,16399,14641.625,12236
2022-11-02,16636,14567.125,12279
2022-11-03,16537,14567.708333333334,12130
2022-11-04,15990,14095.25,11874
2022-11-05,15109,13249.791666666666,11270
2022-11-06,15428,12855.666666666666,10931
2022-11-07,17204,14156.958333333334,11371
2022-11-08,17567,14914.5,12572
2022-11-09,17416,14775.333333333334,12897
2022-11-10,16562,14405.333333333334,12032
2022-11-11,17237,14857.291666666666,12095
2022-11-12,16538,14216.416666666666,11699
2022-11-13,17654,14645.416666666666,12270
2022-11-14,18704,16009.333333333334,13110
2022-11-15,18998,16411.791666666668,13542
2022-11-16,18817,16703.375,13988
2022-11-17,18807,16429.541666666668,13640
2022-11-18,18752,16544.208333333332,14102
2022-11-19,18221,15946.541666666666,13762
2022-11-20,19441,16174.125,13799
2022-11-21,19255,16805.875,14341
2022-11-22,18959,16616.5,14280
2022-11-23,18422,16292.041666666666,14304
2022-11-24,17940,15867,13697
2022-11-25,18245,15845.625,13183
2022-11-26,16345,14349.416666666666,13038
2022-11-27,17464,14930.791666666666,12535
2022-11-28,19360,16488.333333333332,12990
2022-11-29,18413,16376.375,13757
2022-11-30,19145,16434.916666666668,13213
2022-12-01,19273,16687.583333333332,13942
2022-12-02,18227,16337.291666666666,14135
2022-12-03,17836,15431.875,12806
2022-12-04,18185,15389.708333333334,13511
2022-12-05,19353,16446.041666666668,13495
2022-12-06,19139,16728.25,13694
2022-12-07,18958,16531.291666666668,13572
2022-12-08,18902,16496.916666666668,13505
2022-12-09,19151,16954.75,14170
2022-12-10,18946,16493.125,14349
2022-12-11,19064,16591.875,14232
2022-12-12,20173,17586.833333333332,14540
2022-12-13,19868,17463,15116
2022-12-14,19432,17253.25,14593
2022-12-15,19848,17639.166666666668,14525
2022-12-16,19267,17189.583333333332,14539
2022-12-17,18504,16224.625,14168
2022-12-18,18656,16132.875,13810
2022-12-19,20326,17488.25,14476
2022-12-20,19840,17451.958333333332,14870
2022-12-21,19777,17304.541666666668,14675
2022-12-22,18960,17122.333333333332,14661
2022-12-23,19779,17041.666666666668,14104
2022-12-24,19567,17142.208333333332,14791
2022-12-25,18046,16164.833333333334,14506
2022-12-26,18578,16511.291666666668,14615
2022-12-27,18229,16418.666666666668,14607
2022-12-28,17884,15842.083333333334,13676
2022-12-29,17227,15104,13195
2022-12-30,16748,14740.458333333334,12428
2022-12-31,16996,14788.333333333334,12417
2023-01-01,16705,14466,12625
2023-01-02,17837,15187,12603
2023-01-03,18857,16364.458333333334,13423
2023-01-04,19267,16700.041666666668,13945
2023-01-05,19055,16851.666666666668,14129
2023-01-06,18448,16677.083333333332,14212
2023-01-07,18406,16075.958333333334,13912
2023-01-08,19152,16512.791666666668,14379
2023-01-09,19207,16870.541666666668,14174
2023-01-10,19651,17210.5,14546
2023-01-11,19623,17519.25,14781
2023-01-12,19037,17250.958333333332,14549
2023-01-13,19393,17405.958333333332,14410
2023-01-14,19244,17062.041666666668,15137
2023-01-15,18962,16645.083333333332,15126
2023-01-16,19218,17045.708333333332,14663
2023-01-17,19275,17065,14439
2023-01-18,19250,16812.291666666668,13812
2023-01-19,19562,17081.791666666668,13698
2023-01-20,19097,17166.791666666668,14317
2023-01-21,18387,16558.041666666668,14308
2023-01-22,18824,16343.416666666666,13919
2023-01-23,18859,16991.75,14121
2023-01-24,19185,16889.666666666668,13986
2023-01-25,19819,17386.458333333332,14542
2023-01-26,19543,17449.458333333332,14706
2023-01-27,18992,17166.166666666668,14513
2023-01-28,18493,16256.708333333334,14013
2023-01-29,19118,16554.333333333332,14195
2023-01-30,20114,17985.791666666668,14922
2023-01-31,20486,18101.958333333332,15481
2023-02-01,19635,17852.75,15736
2023-02-02,19477,17551.916666666668,15107
2023-02-03,21388,19118.125,16168
2023-02-04,20046,18490.375,16219
2023-02-05,18458,16317.875,14560
2023-02-06,19462,17200.791666666668,14414
2023-02-07,18734,16866.166666666668,14669
2023-02-08,18393,16315.333333333334,14061
2023-02-09,18759,16804.708333333332,14057
2023-02-10,18354,16486.541666666668,13494
2023-02-11,17736,15700,14454
2023-02-12,17845,15049.875,13776
2023-02-13,18196,15854.166666666666,13814
2023-02-14,17340,15447.083333333334,14001
2023-02-15,17353,15524.833333333334,12990
2023-02-16,19015,16607.291666666668,13527
2023-02-17,19460,17406.458333333332,14731
2023-02-18,17978,16134.75,14736
2023-02-19,16479,14732.625,13500
2023-02-20,17789,14991.583333333334,13299
2023-02-21,19054,16560.458333333332,13754
2023-02-22,20267,17693.291666666668,14847
2023-02-23,19959,18037.958333333332,15491
2023-02-24,19853,17615.458333333332,15388
2023-02-25,18759,17028.5,15321
2023-02-26,18148,15715.625,14066
2023-02-27,19568,17341.208333333332,14536
2023-02-28,18824,17269.666666666668,15115
2023-03-01,18695,16733.75,14365
2023-03-02,18688,16635.458333333332,14439
2023-03-03,18457,16667,14686
2023-03-04,17094,15405.041666666666,14071
2023-03-05,17473,14889.75,13236
2023-03-06,18357,16141.708333333334,14000
2023-03-07,18335,15976.5,13894
2023-03-08,18240,16011.791666666666,14173
2023-03-09,18150,16146.708333333334,14541
2023-03-10,18811,16810.166666666668,14150
2023-03-11,17529,15557.708333333334,14257
2023-03-12,17614,15866.833333333334,14387
2023-03-13,18441,16823.583333333332,14306
2023-03-14,18446,16699.583333333332,14600
2023-03-15,18273,16147.458333333334,14695
2023-03-16,17076,15766.083333333334,13976
2023-03-17,17894,16095.958333333334,13583
2023-03-18,17205,15452.083333333334,13733
2023-03-19,17057,15283.333333333334,14183
2023-03-20,17558,15657.458333333334,13851
2023-03-21,17289,15452.041666666666,13645
2023-03-22,17699,16063.041666666666,13260
2023-03-23,17578,16117.708333333334,13408
2023-03-24,17623,15644.333333333334,13859
2023-03-25,17578,15512.666666666666,13086
2023-03-26,16121,14233.875,12940
2023-03-27,17699,16118.625,13212
2023-03-28,17292,15459.833333333334,13893
2023-03-29,18139,15919.625,13577
2023-03-30,18020,15955.916666666666,14550
2023-03-31,18129,16348.916666666666,13962
2023-04-01,15969,14481.208333333334,13212
2023-04-02,16440,14400.791666666666,13475
2023-04-03,16590,15357.625,13190
2023-04-04,16601,15115.5,13172
2023-04-05,17547,15719.625,12863
2023-04-06,16075,14622,12692
2023-04-07,15547,13700.25,12826
2023-04-08,15513,13963.041666666666,13116
2023-04-09,14772,13349.833333333334,12560
2023-04-10,15815,13863.833333333334,12277
2023-04-11,15624,13871.333333333334,11842
2023-04-12,15687,13728.375,11612
2023-04-13,16488,14103.833333333334,11659
2023-04-14,16425,14277.375,11802
2023-04-15,15336,13371.083333333334,11597
2023-04-16,15314,13003.375,11117
2023-04-17,15920,14190.458333333334,11208
2023-04-18,16811,15012.25,12316
2023-04-19,16690,14962.458333333334,12817
2023-04-20,15821,14339.958333333334,12542
2023-04-21,15788,14384.208333333334,12248
2023-04-22,14914,13718.541666666666,12035
2023-04-23,15429,13718.583333333334,11760
2023-04-24,16582,14904,12420
2023-04-25,16667,14842.916666666666,12719
2023-04-26,16302,14799.541666666666,12814
2023-04-27,15651,14232.375,12598
2023-04-28,15259,14167.541666666666,12225
2023-04-29,15254,13976.958333333334,12015
2023-04-30,15421,13806.041666666666,11810
2023-05-01,15888,14537.375,12069
2023-05-02,16342,14743.583333333334,12472
2023-05-03,16283,14829.916666666666,12905
2023-05-04,16090,14712.666666666666,12564
2023-05-05,15028,13947.875,12401
2023-05-06,14257,12763.958333333334,11660
2023-05-07,14977,12966.291666666666,10907
2023-05-08,15391,13726.875,11668
2023-05-09,15573,13703.583333333334,11701
2023-05-10,15510,13756.208333333334,12077
2023-05-11,16331,14037.375,11446
2023-05-12,16714,14617.833333333334,11888
2023-05-13,14921,13284.291666666666,11676
2023-05-14,14488,12384.708333333334,10887
2023-05-15,15702,13734.291666666666,11491
2023-05-16,15355,13903.875,11522
2023-05-17,15793,13853.333333333334,11859
2023-05-18,15592,14040.041666666666,12432
2023-05-19,15561,13940.458333333334,11949
2023-05-20,14749,13314.958333333334,11611
2023-05-21,14137,12365.125,10859
2023-05-22,14401,12335.5,10989
2023-05-23,16107,14040.666666666666,11254
2023-05-24,15396,13814.875,11950
2023-05-25,15416,13705.625,12041
2023-05-26,15481,13837.458333333334,12022
2023-05-27,15294,13172.25,11442
2023-05-28,16547,13587.625,11194
2023-05-29,18244,15089.25,11707
2023-05-30,19402,15783.416666666668,11942
2023-05-31,20787,16999.958333333332,12524
2023-06-01,21088,17908.083333333332,13548
2023-06-02,21463,18153.75,13670
2023-06-03,17019,15104.708333333334,13048
2023-06-04,16183,13559.125,11438
2023-06-05,17801,15158.458333333334,11986
2023-06-06,17178,14911.041666666666,12160
2023-06-07,16257,14353.583333333334,11968
2023-06-08,15962,14559.791666666666,12202
2023-06-09,15698,14318,12107
2023-06-10,16198,13884.333333333334,11536
2023-06-11,15688,13795.5,11664
2023-06-12,16781,14880.333333333334,11916
2023-06-13,16034,14359.625,12039
2023-06-14,16127,14446.833333333334,11973
2023-06-15,16238,14555.375,11921
2023-06-16,16510,14642.791666666666,12084
2023-06-17,15850,13836.083333333334,11849
2023-06-18,16918,14019.041666666668,11455
2023-06-19,18750,15751.708333333332,12205
2023-06-20,19731,16383.708333333332,12659
2023-06-21,20305,16960.458333333332,12913
2023-06-22,19837,16773.708333333332,13235
2023-06-23,18864,16734.166666666668,13544
2023-06-24,19057,16218.875,13245
2023-06-25,20313,16606.291666666668,12619
2023-06-26,19554,17093.041666666668,13913
2023-06-27,18722,16476.916666666668,13587
2023-06-28,17982,15517,12732
2023-06-29,18294,15852.416666666668,12657
2023-06-30,19789,16510.833333333332,12867
2023-07-01,19049,16238.291666666668,12821
2023-07-02,17698,15547.583333333334,12962
2023-07-03,20063,16317.041666666668,12761
2023-07-04,21690,18380.708333333332,13155
2023-07-05,22686,19452.541666666668,14364
2023-07-06,21882,18890,15262
2023-07-07,20037,17374.208333333332,14343
2023-07-08,17038,15061.125,12359
2023-07-09,18642,15364,12124
2023-07-10,21021,17304.125,13047
2023-07-11,20349,17602.708333333332,13645
2023-07-12,19898,16312.875,12802
2023-07-13,18246,16215.75,12873
2023-07-14,19628,16379.333333333332,12913
2023-07-15,17749,15582.208333333334,12657
2023-07-16,19169,15886.75,12637
2023-07-17,20199,16918.666666666668,12898
2023-07-18,19849,16904.708333333332,13249
2023-07-19,19700,16693.291666666668,12948
2023-07-20,20794,17184.958333333332,13221
2023-07-21,19219,16438.125,12983
2023-07-22,19176,15834.583333333332,12785
2023-07-23,18744,15744.625,12417
2023-07-24,20356,17330.125,13232
2023-07-25,21298,17855.875,13608
2023-07-26,21296,18524.375,14593
2023-07-27,21558,18787.333333333332,15177
2023-07-28,21551,18825.458333333332,14516
2023-07-29,17404,16017.083333333334,13695
2023-07-30,17160,14526.833333333332,11987
2023-07-31,18628,15662.416666666668,12364
2023-08-01,18484,15743.625,12790
2023-08-02,18861,16052.5,12633
2023-08-03,21364,17737.916666666668,13563
2023-08-04,20324,17178.583333333332,13645
2023-08-05,17724,15109.75,12697
2023-08-06,16722,14463.791666666666,11790
2023-08-07,18059,15591.333333333334,12565
2023-08-08,19078,16271.041666666668,13259
2023-08-09,21281,17341.708333333332,13244
2023-08-10,19660,17098.125,13976
2023-08-11,19054,16245.5,12865
2023-08-12,19218,16109.458333333332,13036
2023-08-13,18155,15339.625,12429
2023-08-14,19683,16539.416666666668,12994
2023-08-15,18119,16119.666666666666,13030
2023-08-16,20781,17054.583333333332,13169
2023-08-17,19907,16910.25,13308
2023-08-18,16246,14907.208333333334,12829
2023-08-19,16665,14102.541666666666,11776
2023-08-20,19048,15515.833333333332,11642
2023-08-21,19381,16692.875,13759
2023-08-22,19028,15967.375,12760
2023-08-23,17355,15485.541666666666,13135
2023-08-24,18750,16301.125,12662
2023-08-25,18637,16590.125,13669
2023-08-26,16569,14843,12751
2023-08-27,16476,13839.208333333334,11629
2023-08-28,18652,15615.416666666668,12238
2023-08-29,19048,16032.625,12677
2023-08-30,16611,15159,12826
2023-08-31,17477,14900.416666666666,12226
2023-09-01,18091,15319.708333333334,12500
2023-09-02,16920,14726.791666666666,12460
2023-09-03,19321,15943.041666666668,12245
2023-09-04,21725,17861.875,13640
2023-09-05,23713,19916.833333333332,14712
2023-09-06,22966,19914,15623
2023-09-07,21166,18594.458333333332,15329
2023-09-08,17440,15915.208333333334,13651
2023-09-09,16069,14328.291666666666,12580
2023-09-10,17257,14629.583333333332,12125
2023-09-11,19016,16166.291666666668,12738
2023-09-12,18064,15972.208333333334,13123
2023-09-13,16369,14747,12560
2023-09-14,16412,14470.708333333334,11925
2023-09-15,16554,14496.333333333334,11998
2023-09-16,15496,13599.666666666666,11771
2023-09-17,16163,13801.166666666666,11505
2023-09-18,16704,14745.375,11933
2023-09-19,16489,14416.458333333334,12020
2023-09-20,16865,14582.541666666666,12154
2023-09-21,17238,14872.083333333334,12002
2023-09-22,16827,14730.833333333334,12214
2023-09-23,15278,13615.041666666666,12000
2023-09-24,16240,13482.125,11402
2023-09-25,17143,14821.75,11965
2023-09-26,16648,14759.583333333334,12338
2023-09-27,16382,14501.541666666666,12401
2023-09-28,16700,14617.833333333334,12046
2023-09-29,16496,14667.5,12216
2023-09-30,16418,14015.666666666666,11965
2023-10-01,17211,14260.5,11598
2023-10-02,19552,15925.791666666668,12270
2023-10-03,20849,16828.5,12857
2023-10-04,20609,16813.75,12998
2023-10-05,18586,16290.208333333334,13152
2023-10-06,16987,15214.333333333334,12815
2023-10-07,14878,13428.75,11757
2023-10-08,14811,13199.583333333334,11260
2023-10-09,15613,13407.75,11385
2023-10-10,17004,14900.833333333334,11903
2023-10-11,16829,14930,12478
2023-10-12,16338,14549.291666666666,12438
2023-10-13,16266,14680.583333333334,12503
2023-10-14,15544,13801.5,11760
2023-10-15,15854,13666.541666666666,11842
2023-10-16,16904,14937.125,11990
2023-10-17,16502,14694.791666666666,12345
2023-10-18,16355,14459.375,12142
2023-10-19,16313,14592.375,12128
2023-10-20,16465,14832.666666666666,12248
2023-10-21,15545,13871.208333333334,11725
2023-10-22,16082,13620,11650
2023-10-23,16950,14770.5,12528
2023-10-24,16135,14521.333333333334,12203
2023-10-25,16517,14714.541666666666,11793
2023-10-26,16495,14794.666666666666,12222
2023-10-27,16470,14584.083333333334,12048
2023-10-28,15447,13490.791666666666,11784
2023-10-29,16553,14206.708333333334,11717
2023-10-30,17858,15756.458333333334,12561
2023-10-31,17456,15769.625,13427
2023-11-01,18216,15965.791666666666,13464
2023-11-02,17463,15635.375,13417
2023-11-03,16616,14950.375,12746
2023-11-04,16399,14685.333333333334,12749
2023-11-05,17394,14528.291666666666,12555
2023-11-06,17793,15540,12849
2023-11-07,18112,15681.5,12702
2023-11-08,19462,16608.458333333332,13772
2023-11-09,17906,16120.625,13736
2023-11-10,17983,15813.166666666666,13372
2023-11-11,17794,15461.791666666666,13426
2023-11-12,17610,14925.875,13414
2023-11-13,18285,15753.083333333334,13364
2023-11-14,18187,15865.791666666666,13396
2023-11-15,17417,15363.583333333334,13165
2023-11-16,17408,15375.541666666666,13519
2023-11-17,17823,15598.708333333334,12626
2023-11-18,16862,14764,13390
2023-11-19,17824,14958.083333333334,12869
2023-11-20,19536,16526.875,13783
2023-11-21,19417,17120.291666666668,14031
2023-11-22,19034,16585.666666666668,13524
2023-11-23,18947,16457.958333333332,13482
2023-11-24,19443,16882.583333333332,14303
2023-11-25,18393,16052.291666666666,14363
2023-11-26,18499,15733.291666666666,13735
2023-11-27,19653,16884.875,13519
2023-11-28,20579,17469.708333333332,14708
2023-11-29,20113,17645.541666666668,14870
2023-11-30,18596,16402.291666666668,14330
2023-12-01,19090,16825.333333333332,13728
2023-12-02,18168,16097.333333333334,13850
2023-12-03,18863,16117.875,13343
2023-12-04,19667,17204.875,13966
2023-12-05,19844,17502.791666666668,14415
2023-12-06,19865,17459.75,14554
2023-12-07,19528,17437.458333333332,14643
2023-12-08,18838,16680.583333333332,14121
2023-12-09,17204,15270.166666666666,13157
2023-12-10,18232,15498.083333333332,12652
2023-12-11,19888,16965.416666666668,13650
2023-12-12,19461,17025.625,14318
2023-12-13,20004,17317.791666666668,14503
2023-12-14,18686,16923.958333333332,14699
2023-12-15,17965,15998.5,13949
2023-12-16,17588,15474.875,13418
2023-12-17,18259,15544.416666666666,13108
2023-12-18,19033,16482.875,13250
2023-12-19,19717,17277.083333333332,14426
2023-12-20,19452,17214.125,14510
2023-12-21,19625,17022.833333333332,14174
2023-12-22,18941,17051.083333333332,14814
2023-12-23,18051,15998.541666666666,13731
2023-12-24,16935,15122.75,12997
2023-12-25,15795,14211.666666666666,12552
2023-12-26,16333,14260.208333333334,12029
2023-12-27,17358,15092.916666666666,12297
2023-12-28,17247,15180.75,12879
2023-12-29,17472,15277.541666666666,12895
2023-12-30,18138,15724.458333333334,13189
2023-12-31,18017,15592.833333333334,13451
2024-01-01,17805,15428.291666666666,13637
2024-01-02,19035,16522.708333333332,13500
2024-01-03,19452,17086.541666666668,14184
2024-01-04,19981,17343.041666666668,14576
2024-01-05,19536,17660.416666666668,15223
2024-01-06,19074,16928.916666666668,14546
2024-01-07,19192,16890.375,14862
2024-01-08,19665,17274.416666666668,14257
2024-01-09,19996,17399,14049
2024-01-10,19538,16998.541666666668,13892
2024-01-11,19547,17540.666666666668,14635
2024-01-12,19530,17505.375,14916
2024-01-13,18991,16716.291666666668,14298
2024-01-14,19676,16938.916666666668,14475
2024-01-15,20880,18402.25,15437
2024-01-16,20714,18682.041666666668,15954
2024-01-17,20348,18633.541666666668,16307
2024-01-18,20440,18646.541666666668,16032
2024-01-19,20626,18653.625,15734
2024-01-20,20226,18328.375,16411
2024-01-21,19544,17404.458333333332,15871
2024-01-22,20368,18169.833333333332,15321
2024-01-23,19925,18079.833333333332,15518
2024-01-24,20006,17867.958333333332,15219
2024-01-25,19021,17165.5,14693
2024-01-26,18870,17133.5,14302
2024-01-27,17825,16115.416666666666,13950
2024-01-28,18336,16030.958333333334,13527
2024-01-29,18978,16974.708333333332,14206
2024-01-30,19401,17365.625,14354
2024-01-31,18914,16972.166666666668,14603
2024-02-01,18867,16814.958333333332,14200
2024-02-02,18869,16706.333333333332,14035
2024-02-03,18257,16092.833333333334,14537
2024-02-04,18154,15766.75,14193
2024-02-05,19030,16936.375,14121
2024-02-06,18983,16667.833333333332,14867
2024-02-07,18692,16792.041666666668,14653
2024-02-08,17677,16188.75,14250
2024-02-09,17057,15519.25,13698
2024-02-10,17264,14842.166666666666,12854
2024-02-11,18114,15743.875,13440
2024-02-12,18660,16682.333333333332,13979
2024-02-13,19130,17091.416666666668,14637
2024-02-14,19343,17227.958333333332,15270
2024-02-15,19256,17576.083333333332,15059
2024-02-16,19703,17644.708333333332,14958
2024-02-17,18925,16754.916666666668,14767
2024-02-18,18221,16471.125,14795
2024-02-19,18745,16410.25,15075
2024-02-20,18693,16893.041666666668,14835
2024-02-21,18195,16398.375,14845
2024-02-22,17991,16274.708333333334,13799
2024-02-23,18339,16168.75,14063
2024-02-24,18647,16374.458333333334,15108
2024-02-25,17713,15532.333333333334,14518
2024-02-26,17676,15758.666666666666,14010
2024-02-27,17138,15586.5,13656
2024-02-28,18829,16210.125,13101
2024-02-29,19612,17422.041666666668,15318
2024-03-01,17894,16374.833333333334,15020
2024-03-02,17193,15565.708333333334,13774
2024-03-03,16937,14923.041666666666,12936
2024-03-04,16833,15001.833333333334,13192
2024-03-05,17165,15115.666666666666,12721
2024-03-06,17421,15679.25,13204
2024-03-07,17054,15102.5,13623
2024-03-08,16963,15156.625,13333
2024-03-09,16802,14939.5,12702
2024-03-10,17546,15301.25,13034
2024-03-11,17356,15484.041666666666,13954
2024-03-12,16605,14839.375,13393
2024-03-13,16389,14559.041666666666,12704
2024-03-14,17277,15498.541666666666,12873
2024-03-15,16806,15249.875,13212
2024-03-16,16202,14699.208333333334,13205
2024-03-17,16777,14670.791666666666,12867
2024-03-18,18365,16543.625,13437
2024-03-19,18707,16688.75,14135
2024-03-20,18527,16438.291666666668,14131
2024-03-21,18813,17015.916666666668,15128
2024-03-22,18730,17480.666666666668,15314
2024-03-23,17365,15876.166666666666,14627
2024-03-24,17208,15180.666666666666,14104
2024-03-25,17212,15607.375,13992
2024-03-26,17338,15885.833333333334,13413
2024-03-27,17457,15666.583333333334,13370
2024-03-28,16817,15055.333333333334,13773
2024-03-29,15987,14353.083333333334,13084
2024-03-30,15789,14433.166666666666,13233
2024-03-31,15635,14126.333333333334,12873
2024-04-01,16626,14790.083333333334,13144
2024-04-02,17217,15463.5,12973
2024-04-03,17774,16164.583333333334,13233
2024-04-04,17958,16317,13998
2024-04-05,17003,15534.25,13894
2024-04-06,15491,13818.125,13048
2024-04-07,15074,13233.375,12470
2024-04-08,16310,14622.291666666666,12104
2024-04-09,16217,14211.791666666666,12579
2024-04-10,15666,14107.166666666666,12279
2024-04-11,16625,14972.625,11909
2024-04-12,16189,14771.208333333334,12270
2024-04-13,15183,13739.041666666666,12276
2024-04-14,15197,13524.708333333334,11643
2024-04-15,15971,14182.958333333334,12176
2024-04-16,16088,14142.625,12281
2024-04-17,16635,14968.708333333334,12235
2024-04-18,16388,15055.375,12658
2024-04-19,16332,14730.166666666666,12727
2024-04-20,15579,14070.958333333334,12096
2024-04-21,15679,13739.833333333334,12378
2024-04-22,16190,14306.083333333334,12800
2024-04-23,16188,14577.416666666666,12187
2024-04-24,16588,14692.125,12503
2024-04-25,16397,14746.833333333334,13356
2024-04-26,15334,13994.291666666666,12760
2024-04-27,14813,13512.291666666666,11850
2024-04-28,15305,13409.416666666666,11328
2024-04-29,16412,14468.833333333334,11501
2024-04-30,16200,14680.166666666666,12116
2024-05-01,15680,14092.375,12318
2024-05-02,15551,13925.25,11939
2024-05-03,15724,14068.083333333334,11616
2024-05-04,14721,13038.916666666666,11496
2024-05-05,15185,13388,11158
2024-05-06,15838,13972.208333333334,11703
2024-05-07,15695,14000.166666666666,11900
2024-05-08,15921,14213.208333333334,11758
2024-05-09,15724,14185.375,12008
2024-05-10,15394,13983.708333333334,11852
2024-05-11,14539,13105.375,11411
2024-05-12,14615,12893.291666666666,11383
2024-05-13,15980,14142.083333333334,11224
2024-05-14,16278,14646.333333333334,12142
2024-05-15,16339,14452.166666666666,11975
2024-05-16,16595,14679.875,12284
2024-05-17,16340,14744.166666666666,12230
2024-05-18,15593,13825.333333333334,11917
2024-05-19,16439,13799.25,11608
2024-05-20,17909,14535.208333333332,11634
2024-05-21,20229,16712.333333333332,12726
2024-05-22,20436,17308.416666666668,13388
2024-05-23,18582,16098.458333333334,13172
2024-05-24,18224,15424.75,12531
2024-05-25,15777,14025.958333333334,12102
2024-05-26,15720,13556.458333333334,11488
2024-05-27,17164,15076,12033
2024-05-28,16484,14759.291666666666,12213
2024-05-29,16051,14167.25,12085
2024-05-30,16128,14015.041666666666,11915
2024-05-31,16782,14327.375,12106
2024-06-01,16202,13684.166666666666,11315
2024-06-02,16088,13875.166666666666,11368
2024-06-03,18655,15772.916666666668,12420
2024-06-04,20694,16883.75,12433
2024-06-05,20396,17064.458333333332,13059
2024-06-06,18764,16538.916666666668,13463
2024-06-07,16151,14849.375,12747
2024-06-08,15278,13599.958333333334,11646
2024-06-09,14891,13258.416666666666,11265
2024-06-10,15942,14316.791666666666,11726
2024-06-11,16211,14550.833333333334,12043
2024-06-12,17671,15072.083333333334,12179
2024-06-13,20297,16653.583333333332,12308
2024-06-14,18079,16139.708333333334,13319
2024-06-15,16553,14166,12135
2024-06-16,16857,14113.333333333332,11591
2024-06-17,21648,17608.333333333332,12400
2024-06-18,23097,19708.458333333332,15040
2024-06-19,23852,20423.958333333332,15832
2024-06-20,22486,19886.541666666668,16187
2024-06-21,20942,18552.208333333332,14843
2024-06-22,19535,16982.916666666668,13863
2024-06-23,19077,16280.125,13183
2024-06-24,21052,17113.208333333332,12765
2024-06-25,19207,16658.333333333332,13068
2024-06-26,20102,17213.5,13845
2024-06-27,17611,15415.375,12794
2024-06-28,16970,15111.125,12495
2024-06-29,18183,15593.333333333332,12367
2024-06-30,14576,13904.208333333334,12727
2024-07-01,17032,13660.166666666668,11307
2024-07-02,18439,15558.833333333332,12090
2024-07-03,21468,17770.583333333332,12648
2024-07-04,21301,18677.708333333332,14363
2024-07-05,21360,18432.5,14605
2024-07-06,20055,17181.083333333332,13585
2024-07-07,21088,17025.291666666668,12961
2024-07-08,22026,18738.708333333332,13988
2024-07-09,21836,19114.666666666668,14919
2024-07-10,18523,17029.875,14663
2024-07-11,20579,17349.291666666668,13307
2024-07-12,21172,18038.666666666668,13865
2024-07-13,21223,17530.541666666668,13599
2024-07-14,21095,17587.041666666668,13202
2024-07-15,21637,18736.083333333332,14997
2024-07-16,21102,18146.041666666668,14608
2024-07-17,21011,17865.125,14274
2024-07-18,18140,15933.583333333334,13168
2024-07-19,19289,16134.916666666668,12818
2024-07-20,19363,15976.833333333332,12555
2024-07-21,20344,16402,12694
2024-07-22,21291,17741.083333333332,13255
2024-07-23,21748,18294.125,14057
2024-07-24,20340,17783.666666666668,14016
2024-07-25,19413,16522.875,13320
2024-07-26,20346,16698.75,12877
2024-07-27,20360,16455.041666666668,12892
2024-07-28,21912,17318.791666666668,12895
2024-07-29,22245,19109.958333333332,14509
2024-07-30,22371,19723.625,15559
2024-07-31,23356,20235.083333333332,15791
2024-08-01,23179,20224.916666666668,15839
2024-08-02,22103,19830.25,16417
2024-08-03,21899,18582.458333333332,15260
2024-08-04,21417,17588.041666666668,13788
2024-08-05,20270,17204.583333333332,14030
2024-08-06,17854,16208.583333333334,13701
2024-08-07,19574,16076.583333333332,12574
2024-08-08,20282,17220.583333333332,13259
2024-08-09,20658,17777.416666666668,14338
2024-08-10,16429,14738.75,12639
2024-08-11,16649,14324.958333333334,11969
2024-08-12,18972,15925.541666666668,12440
2024-08-13,20509,17012.708333333332,13400
2024-08-14,21791,17724.125,13581
2024-08-15,21975,18252.416666666668,13887
2024-08-16,20493,17933.708333333332,14225
2024-08-17,19607,17080.416666666668,14078
2024-08-18,19318,16565.25,13665
2024-08-19,16595,15165.041666666666,13089
2024-08-20,16576,14563.208333333334,12259
2024-08-21,17096,14888.833333333334,12345
2024-08-22,18050,15395.541666666668,12395
2024-08-23,18778,15904.291666666668,12542
2024-08-24,18700,15650.416666666668,12729
2024-08-25,20699,16660.166666666668,12818
2024-08-26,22466,18707.666666666668,13818
2024-08-27,22750,19413.833333333332,14762
2024-08-28,20179,18139.625,15032
2024-08-29,18882,16431.083333333332,13774
2024-08-30,21313,17315.458333333332,13120
2024-08-31,19968,16956.958333333332,14097
2024-09-01,17171,15173.375,12909
2024-09-02,16182,13551.875,12020
2024-09-03,17842,15066.833333333334,12059
2024-09-04,18815,15723.458333333332,12405
2024-09-05,19900,16326.208333333332,12866
2024-09-06,18005,16185.166666666666,13437
2024-09-07,15284,13975.625,12455
2024-09-08,15567,13338.666666666666,11502
2024-09-09,17200,14991.875,11842
2024-09-10,17734,15172.791666666666,12660
2024-09-11,18522,15610.958333333332,12468
2024-09-12,19583,16338.875,12945
2024-09-13,20056,16660.208333333332,13071
2024-09-14,19288,15873.5,12964
2024-09-15,20388,16256.625,12717
2024-09-16,21546,17461.291666666668,13259
2024-09-17,20361,16971.833333333332,13492
2024-09-18,20180,16678.5,13053
2024-09-19,20886,16996.291666666668,13228
2024-09-20,19743,16628.291666666668,13218
2024-09-21,18924,15973.583333333334,13222
2024-09-22,18291,15377.958333333332,12509
2024-09-23,18073,16181.625,13198
2024-09-24,17622,15725.958333333334,12862
2024-09-25,18211,15815.375,12606
2024-09-26,18374,15667.5,12855
2024-09-27,16926,14891.083333333334,12210
2024-09-28,16487,14414.166666666666,12035
2024-09-29,17674,14764.458333333332,11952
2024-09-30,18532,15551.958333333334,12418
2024-10-01,17998,15813.083333333334,12921
2024-10-02,16899,14847.625,12438
2024-10-03,17103,14919.708333333334,12422
2024-10-04,16507,14911.958333333334,12563
2024-10-05,15519,13587.75,12108
2024-10-06,16427,13825.375,11685
2024-10-07,16850,14587.333333333334,12069
2024-10-08,17083,14836.5,12392
2024-10-09,17041,14791.791666666666,12712
2024-10-10,17116,15028,12840
2024-10-11,16335,14830.708333333334,12737
2024-10-12,15530,13793,12387
2024-10-13,15424,14022.875,12167
2024-10-14,15869,13911.25,12086
2024-10-15,17147,15097.625,12498
2024-10-16,17191,15252.083333333334,13041
2024-10-17,16931,15075.375,13381
2024-10-18,16462,14803.75,12997
2024-10-19,15644,13834.041666666666,12340
2024-10-20,15564,13455.625,12016
2024-10-21,17199,14843.333333333334,12067
2024-10-22,17193,14920.75,12410
2024-10-23,16601,14972.833333333334,12262
2024-10-24,17095,15041.75,12745
2024-10-25,16898,15364.083333333334,13067
2024-10-26,16308,14295.5,12765
2024-10-27,16987,14526.333333333334,12847
2024-10-28,17670,15429.708333333334,12953
2024-10-29,17456,15690.583333333334,13101
2024-10-30,16772,14859.916666666666,12544
2024-10-31,16991,15047.083333333334,12397
2024-11-01,16818,15075,12409
2024-11-02,16416,14650.083333333334,13158
2024-11-03,16933,14371.375,12896
2024-11-04,17690,15579.625,12650
2024-11-05,17175,14932.083333333334,12501
2024-11-06,17253,15089.75,12230
2024-11-07,17232,14890.583333333334,12683
2024-11-08,17289,15018.166666666666,12655
2024-11-09,16954,14548.25,13072
2024-11-10,17144,14823.25,12798
2024-11-11,17719,15420.916666666666,12411
2024-11-12,18240,15778.375,13302
2024-11-13,18293,15917.541666666666,13974
2024-11-14,18447,16396.916666666668,13719
2024-11-15,17972,16065.75,13679
2024-11-16,17224,14995.583333333334,13072
2024-11-17,17492,14959.833333333334,13071
2024-11-18,18186,15531.541666666666,12833
2024-11-19,18382,15822.333333333334,13113
2024-11-20,17788,15852.125,13080
2024-11-21,18626,16327.25,13462
2024-11-22,17926,16026.458333333334,13463
2024-11-23,17485,15317.541666666666,13458
2024-11-24,18181,15515.625,13381
2024-11-25,19260,16682.833333333332,13800
2024-11-26,18481,16288.958333333334,13741
2024-11-27,19213,16492.375,14011
2024-11-28,19077,16885.333333333332,14146
2024-11-29,19181,16895.416666666668,14429
2024-11-30,18919,16542.958333333332,14367
2024-12-01,19406,16648.291666666668,14324
2024-12-02,20161,17604.583333333332,14735
2024-12-03,20080,17378.458333333332,14742
2024-12-04,20074,17822.875,14693
2024-12-05,20239,17889,15077
2024-12-06,20595,18352.625,15650
2024-12-07,19251,17356.041666666668,15402
2024-12-08,19273,16395.583333333332,14127
2024-12-09,20604,17867.083333333332,14325
2024-12-10,19773,17378,14695
2024-12-11,19744,17325.333333333332,14309
2024-12-12,20929,18170.833333333332,15054
2024-12-13,20881,18503.75,16311
2024-12-14,19577,17476.708333333332,15995
2024-12-15,19951,17266.875,15151
2024-12-16,19653,17362.416666666668,14682
2024-12-17,19541,17033.041666666668,13838
2024-12-18,19768,17497.625,14478
2024-12-19,20483,17920.25,15023
2024-12-20,20319,18219.666666666668,15407
2024-12-21,20372,18034.458333333332,15666
2024-12-22,20795,18391.666666666668,16707
2024-12-23,20492,18234.708333333332,15811
2024-12-24,18541,16943.416666666668,14941
2024-12-25,17773,16165.583333333334,14378
2024-12-26,17831,16000.916666666666,13979
2024-12-27,18340,16186,13952
2024-12-28,17102,15572.458333333334,13962
2024-12-29,17829,15456.458333333334,13394
2024-12-30,17891,15605.875,13032
2024-12-31,17648,15539.541666666666,13755
2025-01-01,17519,15330.791666666666,13593
2025-01-02,19450,16812.875,13903
2025-01-03,19616,17533.166666666668,15284
2025-01-04,19983,17514.041666666668,15433
2025-01-05,20626,17665.125,15397
2025-01-06,21159,18825.25,15875
2025-01-07,21339,18650.541666666668,16060
2025-01-08,21534,19047.75,16423
2025-01-09,21232,18918.125,16713
2025-01-10,20755,18856.083333333332,16670
2025-01-11,19380,17672.375,16044
2025-01-12,19509,17100.625,15223
2025-01-13,20376,18042.541666666668,14929
2025-01-14,20685,18603.083333333332,15695
2025-01-15,20834,18736.541666666668,16081
2025-01-16,21037,18778.875,15882
2025-01-17,19632,17806.083333333332,15744
2025-01-18,19341,17144.916666666668,14524
2025-01-19,20828,18024.75,15803
2025-01-20,21701,19369.083333333332,16590
2025-01-21,21602,19595.25,17399
2025-01-22,21940,19914.958333333332,17706
2025-01-23,21064,19419.791666666668,17191
2025-01-24,21117,19188.375,16782
2025-01-25,19600,17890.333333333332,16251
2025-01-26,19837,16976.375,15063
2025-01-27,20384,17806.791666666668,15259
2025-01-28,20957,18549.25,15831
2025-01-29,20862,18405.458333333332,15577
2025-01-30,20333,18821.25,16934
2025-01-31,19617,18142.541666666668,15805
2025-02-01,20377,18119.291666666668,16135
2025-02-02,20650,18299.958333333332,16214
2025-02-03,20176,18624.291666666668,16031
2025-02-04,20761,18462.083333333332,15709
2025-02-05,20829,18893.25,16682
2025-02-06,20664,18950.541666666668,16445
2025-02-07,20480,18353.875,16042
2025-02-08,19589,17844.125,16034
2025-02-09,19986,17540.541666666668,15606
2025-02-10,20923,18516.541666666668,15875
2025-02-11,20513,18483.125,16032
2025-02-12,21036,18917.958333333332,16534
2025-02-13,20207,18647.541666666668,16720
2025-02-14,20394,18571.375,16428
2025-02-15,19835,17929.291666666668,16087
2025-02-16,19701,17766.208333333332,15603
2025-02-17,19971,17671.041666666668,15699
2025-02-18,21272,19045.166666666668,16482
2025-02-19,21302,19225.375,17120
2025-02-20,20709,18936.333333333332,16881
2025-02-21,20348,18609.333333333332,16685
2025-02-22,19220,17400.166666666668,15798
2025-02-23,19291,17121.166666666668,15381
2025-02-24,18840,16998.375,14786
2025-02-25,18937,16947.291666666668,14509
2025-02-26,18956,16912.125,14853
2025-02-27,19112,17444.083333333332,15037
2025-02-28,19089,17316.458333333332,15246
2025-03-01,19773,17055.291666666668,14718
2025-03-02,20301,17803.583333333332,16306
2025-03-03,19665,17686.208333333332,15982
2025-03-04,19596,17448.166666666668,15081
2025-03-05,18238,16677.416666666668,14479
2025-03-06,19692,17231.625,14232
2025-03-07,18863,16926.291666666668,15355
2025-03-08,18235,16141.625,14981
2025-03-09,17161,15455.125,14472
2025-03-10,17677,15710.416666666666,13813
2025-03-11,18023,15518.333333333334,13673
2025-03-12,18597,16762.875,14827
2025-03-13,18083,16290.875,14948
2025-03-14,16823,15457.708333333334,13969
2025-03-15,16097,14702.041666666666,13234
2025-03-16,16649,14596.916666666666,12437
2025-03-17,18403,16141.375,13617
2025-03-18,17261,15472.166666666666,13706
2025-03-19,16660,14930.541666666666,13098
2025-03-20,17895,15624.416666666666,12623
2025-03-21,17477,15502.458333333334,14244
2025-03-22,17538,15556.458333333334,13303
2025-03-23,17747,15589.208333333334,14412
2025-03-24,18184,16677.291666666668,14278
2025-03-25,18578,16669.416666666668,14268
2025-03-26,18517,16471,14539
2025-03-27,17902,15884.125,14590
2025-03-28,18022,16518.75,14247
2025-03-29,17791,16193.625,14099
2025-03-30,16521,15280.75,13626
2025-03-31,17511,15558.583333333334,12761
2025-04-01,17846,15656.708333333334,14012
2025-04-02,19492,16920.708333333332,14014
2025-04-03,16951,15444.541666666666,14195
2025-04-04,16611,15011.25,13626
2025-04-05,16775,15080.083333333334,12739
2025-04-06,16931,14526.583333333334,12881
2025-04-07,17634,15603.5,13626
2025-04-08,18478,16408.125,14095
2025-04-09,17827,16212.958333333334,14843
2025-04-10,18157,16425.25,14221
2025-04-11,17622,16223.5,14367
2025-04-12,16031,14850.125,13698
2025-04-13,16034,14013.875,13193
2025-04-14,16376,14794.958333333334,12642
2025-04-15,17432,15260.208333333334,12736
2025-04-16,17651,15903.625,13810
2025-04-17,17008,15078.041666666666,13661
2025-04-18,15372,13972.958333333334,12579
2025-04-19,14845,13720.083333333334,11758
2025-04-20,14842,13269.291666666666,12228
2025-04-21,16250,14784.916666666666,12230
2025-04-22,16409,14631.333333333334,12576
2025-04-23,16385,14574.958333333334,12831
2025-04-24,16312,14744.416666666666,12468
2025-04-25,16237,14579.208333333334,12451
2025-04-26,15742,14099.333333333334,12024
2025-04-27,15295,13372.458333333334,12347
2025-04-28,15860,14286.75,12540
2025-04-29,16481,14434.708333333334,11772
2025-04-30,16264,14571.583333333334,12550
2025-05-01,16291,14857.608695652174,12249
2025-05-02,15670,14518.833333333334,12522
2025-05-03,15138,13836.041666666666,12156
2025-05-04,15502,13347.458333333334,11782
2025-05-05,16084,14501,12003
2025-05-06,16262,14672.708333333334,12402
2025-05-07,16311,14596,12273
2025-05-08,16107,14565.291666666666,12339
2025-05-09,15901,14418.125,13041
2025-05-10,14623,13366.708333333334,12366
2025-05-11,15090,13061.833333333334,11699
2025-05-12,16866,14644,12026
2025-05-13,16839,14836.708333333334,12311
2025-05-14,16902,15102.375,12580
2025-05-15,17674,15478.166666666666,12679
2025-05-16,18153,15779.333333333334,12896
2025-05-17,15272,14069.625,12423
2025-05-18,14717,13391.666666666666,11635
2025-05-19,15267,13171.916666666666,11839
2025-05-20,15707,14161.75,11900
2025-05-21,16768,14887.708333333334,12062
2025-05-22,16630,15236.166666666666,12682
2025-05-23,16188,14917.333333333334,12849
2025-05-24,14980,13935.791666666666,12593
2025-05-25,15234,13531.666666666666,12131
2025-05-26,16252,14521.583333333334,12368
2025-05-27,16398,14592.75,12287
2025-05-28,16660,14707.666666666666,12001
2025-05-29,16301,14893.708333333334,12647
2025-05-30,16455,14641.708333333334,12134
2025-05-31,14462,13264.125,11600
2025-06-01,15134,13094.916666666666,11536
2025-06-02,16226,14210.75,12029
2025-06-03,17267,14773.041666666666,11768
2025-06-04,19910,16381.666666666668,12238
2025-06-05,17465,15841.25,13334
2025-06-06,17743,15527.791666666666,12466
2025-06-07,17240,14613.25,12155
2025-06-08,16628,14002.708333333332,11568
2025-06-09,17572,15433.625,12285
2025-06-10,16939,15061.333333333334,12635
2025-06-11,18869,15690.833333333332,12300
2025-06-12,17934,15549.791666666666,13060
2025-06-13,16495,14858.291666666666,12652
2025-06-14,16122,14045.333333333334,12226
2025-06-15,17214,14430.291666666668,11939
2025-06-16,20065,16575,12652
2025-06-17,20833,17433.625,13466
2025-06-18,20528,18240.833333333332,14432
2025-06-19,18365,16674.625,14072
2025-06-20,18764,16187.416666666668,12859
2025-06-21,18777,16169.875,12870
2025-06-22,23045,19292.708333333332,14219
2025-06-23,24712,21623.375,16544
2025-06-24,24862,21924.958333333332,17391
2025-06-25,22693,20020.5,16722
2025-06-26,18060,16754.541666666668,14329
2025-06-27,20251,16949.416666666668,13146
2025-06-28,18966,16824.708333333332,14253
2025-06-29,20352,16195.916666666668,12582
2025-06-30,19565,17128.666666666668,13264
2025-07-01,21018,17889.791666666668,14156
2025-07-02,21901,18406.416666666668,13770
2025-07-03,20291,17490.75,14230
2025-07-04,20495,16763.916666666668,13131
2025-07-05,22019,17984.708333333332,13225
2025-07-06,22740,19425.333333333332,14680
2025-07-07,21832,19605.208333333332,16641
2025-07-08,21263,18145.041666666668,14642
2025-07-09,21727,18195.333333333332,14302
2025-07-10,22884,19043.291666666668,14316
2025-07-11,22481,19432.833333333332,14884
2025-07-12,22837,19643.958333333332,15213
2025-07-13,22918,19490.333333333332,15793
2025-07-14,22914,19510.625,15149
2025-07-15,23261,19872.25,14941
2025-07-16,23611,20439.208333333332,15292
2025-07-17,21217,18966.083333333332,14829
2025-07-18,19204,16232.166666666666,13137
2025-07-19,19450,16088,12729
2025-07-20,20177,16946.208333333332,13764
2025-07-21,19582,16404.208333333332,13253
2025-07-22,19907,16571.416666666668,12905
2025-07-23,22095,17731.291666666668,13338
2025-07-24,24528,19939.75,14005
2025-07-25,23055,20082.583333333332,16410
2025-07-26,21911,18632.541666666668,14548
2025-07-27,23347,19553.75,15323
2025-07-28,24211,20808.541666666668,15706
2025-07-29,23607,20724.291666666668,16639
2025-07-30,23048,19739.333333333332,15913
2025-07-31,19080,16829.25,14278
2025-08-01,18689,16165.083333333334,13216
2025-08-02,18854,15549.625,12660
2025-08-03,19854,16140.25,12602
2025-08-04,20900,16905.083333333332,13121
2025-08-05,22514,18426.708333333332,13812
2025-08-06,22638,18719.875,14453
2025-08-07,22703,19038.041666666668,14771
2025-08-08,22643,19273.708333333332,14756
2025-08-09,23248,19473.708333333332,14810
2025-08-10,24063,20027.583333333332,15092
2025-08-11,24789,21275.125,16089
2025-08-12,24006,21274.75,17087
2025-08-13,23843,20333.291666666668,16681
2025-08-14,22949,19179.625,14950
2025-08-15,23257,19167.583333333332,14654
2025-08-16,23079,18977.958333333332,14550
2025-08-17,19103,17224.083333333332,14430
2025-08-18,18932,16009.875,12834
2025-08-19,18418,16349.416666666666,13283
2025-08-20,18222,16477.375,13876
2025-08-21,19597,16620.208333333332,13371
2025-08-22,20922,17388.333333333332,13681
2025-08-23,18466,16345.125,13382
2025-08-24,18610,15735.083333333332,12931
2025-08-25,17804,15607.125,12929
2025-08-26,17083,15129.208333333334,12717
2025-08-27,17396,15105.166666666666,12512
2025-08-28,17028,15384.916666666666,12601
2025-08-29,16330,14757.083333333334,12751
2025-08-30,15809,13927.916666666666,12170
2025-08-31,16710,14020.875,12133
2025-09-01,17923,14674.041666666668,12202
2025-09-02,19302,16327.708333333332,12627
2025-09-03,19695,16513.625,13188
2025-09-04,17509,15796.458333333334,13533
2025-09-05,17010,15089.458333333334,12661
2025-09-06,15799,14197.625,12477
2025-09-07,16281,13949.916666666666,12227
2025-09-08,17145,14919.916666666666,12254
2025-09-09,17281,15005.208333333334,12548
2025-09-10,18051,15614.875,12662
2025-09-11,18484,15858.375,12895
2025-09-12,17999,15736.958333333334,13195
2025-09-13,17185,15090.75,12827
2025-09-14,18520,15268.541666666668,12480
2025-09-15,19467,16128.208333333332,12865
2025-09-16,19530,16145.166666666668,12943
2025-09-17,19544,16316.875,13031
2025-09-18,19931,16660.666666666668,13241
2025-09-19,17872,15658.833333333334,13280
2025-09-20,16056,14065.416666666666,12455
2025-09-21,17860,14773.791666666668,12020
2025-09-22,19464,16702.875,13044
2025-09-23,19379,16890.375,13548
2025-09-24,18417,16464.041666666668,13511
2025-09-25,18181,16305.375,13419
2025-09-26,18302,16024.375,13185
2025-09-27,17844,15288.291666666666,12844
2025-09-28,17861,14842.541666666666,12469
2025-09-29,18999,15700.75,12504
2025-09-30,18155,15377.041666666666,12723
2025-10-01,16697,14667.458333333334,12412
2025-10-02,16997,14818.333333333334,12406
2025-10-03,17882,15239.208333333334,12638
2025-10-04,18555,15212.791666666668,12599
2025-10-05,19380,15581.375,12472
2025-10-06,20335,16739.833333333332,13113
2025-10-07,18041,16372.041666666666,13687
2025-10-08,16633,14708.125,12761
2025-10-09,16906,14834.083333333334,12658
2025-10-10,16696,14829.833333333334,13141
2025-10-11,15623,14262.958333333334,12496
2025-10-12,15047,13652.458333333334,12219
2025-10-13,15734,13709.666666666666,11809
2025-10-14,17024,14893.333333333334,12535
2025-10-15,16660,14881.791666666666,12807
2025-10-16,16981,14849.291666666666,13035
2025-10-17,16890,15466.041666666666,13408
2025-10-18,15793,14261.791666666666,12737
2025-10-19,16354,14190.708333333334,12088
2025-10-20,17007,14977.416666666666,12302
2025-10-21,16889,15190.166666666666,12843
2025-10-22,17057,15353.666666666666,12901
2025-10-23,17191,15512.041666666666,13108
2025-10-24,17058,15592.916666666666,13528
2025-10-25,16441,14844.125,13383
2025-10-26,16710,14561.291666666666,13166
2025-10-27,17510,15498.541666666666,13522
2025-10-28,17430,15447.833333333334,13621
2025-10-29,17264,15567.541666666666,13814
2025-10-30,17854,16238.875,13742
2025-10-31,17455,15866.75,13739
2025-11-01,16892,15406.25,13693
2025-11-02,17169,14887.541666666666,13606
2025-11-03,17853,15881.875,13202
2025-11-04,17755,15529.25,13764
2025-11-05,17848,16209.75,13628
2025-11-06,18256,16312.916666666666,14154
2025-11-07,18464,16570.208333333332,14249
2025-11-08,17722,15639.541666666666,13627
2025-11-09,19056,16653.791666666668,14091
2025-11-10,19731,17671.791666666668,15033
2025-11-11,19581,17460.75,15230
2025-11-12,18833,17040.666666666668,14939
2025-11-13,18969,16684,14445
2025-11-14,18429,16719.708333333332,14707
2025-11-15,17978,16029.041666666666,13999
2025-11-16,18511,15934.625,13643
2025-11-17,19530,17179.041666666668,14571
2025-11-18,19192,17312.416666666668,15096
2025-11-19,19199,17125.75,15221
2025-11-20,19150,17201.208333333332,15201
2025-11-21,18466,16789.125,14660
2025-11-22,18278,16037.041666666666,14367
2025-11-23,18430,15852.625,13764
2025-11-24,19053,16660.083333333332,14277
2025-11-25,18879,16931.833333333332,14414
2025-11-26,18870,16790.666666666668,14183
2025-11-27,19641,17453.75,14843
2025-11-28,19474,17505.25,15010
2025-11-29,19077,17109.875,15477
2025-11-30,19277,17128.375,14905
2025-12-01,20802,18266.791666666668,15348
2025-12-02,20003,18340.833333333332,16239
2025-12-03,20415,18354.791666666668,15732
2025-12-04,21406,18925.75,16115
2025-12-05,20729,18813.583333333332,17071
2025-12-06,19481,17643.083333333332,15643
2025-12-07,20147,17750.75,15335
2025-12-08,21364,19087.208333333332,16401
2025-12-09,21394,19283.291666666668,16914
2025-12-10,20526,18740.583333333332,16247
2025-12-11,21115,19087.166666666668,16523
2025-12-12,20559,18854,16954
2025-12-13,20329,18194.875,16068
2025-12-14,21148,18639,16499
2025-12-15,21130,19582.166666666668,17144
2025-12-16,20473,18943,16741
2025-12-17,20112,18305.875,15801
2025-12-18,19208,17704.666666666668,15621
2025-12-19,20170,18175.291666666668,15181
2025-12-20,19362,17873.875,15991
2025-12-21,20108,17622.5,15183
2025-12-22,19992,18295.5,16268
2025-12-23,19312,17802.791666666668,15728
2025-12-24,18576,16710.958333333332,14840
2025-12-25,18020,16043.916666666666,14264
2025-12-26,19569,17656.25,15235
2025-12-27,19865,17885.75,15966
2025-12-28,19624,17690.25,15767
2025-12-29,19716,17428.583333333332,14703
2025-12-30,20155,18018.916666666668,15838
2025-12-31,19558,17826.375,15807
